12233 61124,305.9,橙橙2随机技能2易伤1时间1暴击1等级,13随机技能27易伤4时间5暴击6雷电8a核9等级,0,
12133 54332,279.6,橙橙1随机技能3易伤2时间,1随机技能289易伤3金币生成47时间5物品6a核,0,
12233 63124,279.6,橙橙2随机技能1易伤1时间1暴击1等级,13随机技能2易伤4时间5暴击6雷电7冰冻减费8a核9等级,0,
61313 62632,276.0,橙橙1等级2技能1易伤,1雷电2等级3低血量敌人4双倍秒伤59技能68核7赏金塔a易伤,0,
61633 21345,274.4,橙橙2雷电1等级2易伤,19雷电2等级3加一49易伤5低血量敌人6尘79激光对治愈8a核9序列之力,0,
12233 61134,273.7,橙橙2随机技能2易伤1时间1暴击,13随机技能27易伤4时间5暴击6雷电8a核9资源,0,
32553 13433,272.7,橙橙1时间1全技能1等级1攻速1易伤,1最后敌人2赏金塔3时间4全技能5等级69核7金币生成8攻速a易伤,0,
25253 16233,271.8,橙橙1全技能1等级1伤害1易伤,1赏金邻近2敌人爆炸3低血量敌人4全技能5等级69核7伤害8金币生成a易伤,0,
52253 16233,271.8,橙橙1全技能1等级1伤害1易伤,1敌人爆炸2赏金塔3低血量敌人4全技能5等级69核7伤害8金币生成a易伤,0,
54233 21121,268.9,橙3攻速2易伤1等级2伤害,19敌人爆炸289攻速37易伤4挖道具5等级69伤害9序列之力a核,0,
32253 16233,268.3,橙橙1全技能1等级1伤害1易伤,1最后敌人2赏金塔3低血量敌人4全技能5等级69核7伤害8金币生成a易伤,0,
61332 62211,268.2,橙3雷电2等级2易伤1平台2矿等,189雷电2a等级3低血量敌人4a易伤5平台6核7a矿等a序列之力,2,
25253 13433,267.9,橙橙1全技能1等级1攻速1易伤,1赏金邻近2敌人爆炸3低血量敌人4全技能5等级69核7金币生成8攻速a易伤,0,
52253 13433,267.9,橙橙1全技能1等级1攻速1易伤,1敌人爆炸2赏金塔3低血量敌人4全技能5等级69核7金币生成8攻速a易伤,0,
61311 62631,267.8,橙橙1等级1策反1技能1易伤,1雷电2等级3低血量敌人4双倍秒伤5策反68核7赏金塔9技能a易伤,0,
61624 33318,265.5,橙1等级2伤害1暴击2矿等1易伤,1雷电2等级3加一4a伤害5暴击68矿等7核9易伤,2,
61624 33354,264.6,橙2雷电2等级1伤害1暴击3矿等1平台,1a雷电2a等级3加一4伤害5暴击68a矿等7核9平台a序列之力,3,
32253 13433,264.4,橙橙1全技能1等级1攻速1易伤,1最后敌人2赏金塔3低血量敌人4全技能5等级69核7金币生成8攻速a易伤,0,
61332 61151,262.1,橙橙2雷电1等级1易伤1平台1随机技能,17雷电2等级3低血量敌人4易伤5平台69核8随机技能a尘,0,
61332 61152,262.1,橙橙2雷电1等级1易伤1平台1随机技能,17雷电2等级3低血量敌人4易伤5平台69核8随机技能a敌人掉落,0,
12133 54322,260.3,橙橙1随机技能2易伤2时间,1随机技能28易伤39金币生成47时间5物品6a核,0,
61332 63151,259.9,橙橙1等级1易伤1平台1随机技能,1雷电2等级3低血量敌人4易伤5平台69核7立即金币8随机技能a尘,0,
61332 63152,259.9,橙橙1等级1易伤1平台1随机技能,1雷电2等级3低血量敌人4易伤5平台69核7立即金币8随机技能a敌人掉落,0,
12133 54432,259.5,橙橙1随机技能2易伤2时间,1随机技能29易伤3金币生成47时间5物品6a核8立即金币,0,
61624 33421,258.1,橙2雷电1等级3伤害1暴击1矿等2攻速,19雷电2等级3加一49a伤害5暴击6矿等7核89攻速9序列之力,1,
13334 63114,257.7,橙橙1随机技能1时间1伤害1易伤1攻速,1随机技能2风暴减费3基地爆炸4时间5伤害6易伤7敌人掉落8a核9攻速,0,
61313 62622,257.2,橙橙1等级1技能1矿等,1雷电2等级3低血量敌人4双倍秒伤5技能68核7赏金塔9基地爆炸a矿等,1,
26162 23235,256.8,橙2攻速2矿等1时间1等级2伤害,1赏金邻近27攻速37矿等4时间5等级67伤害7序列之力8基地爆炸9核a敌人爆炸,2,
61624 33231,256.2,橙1等级1伤害1暴击1矿等2易伤1时间,1雷电2等级3加一4伤害5暴击6矿等7核8a易伤9时间,1,
61624 33428,256.1,橙2雷电2等级2伤害1暴击1矿等2攻速,19雷电2a等级3加一49伤害5暴击6矿等7核89攻速9序列之力,1,
61311 62632,255.8,橙橙1等级1策反1技能1伤害,1雷电2等级3低血量敌人4双倍秒伤5策反68核7赏金塔9技能a伤害,0,
61624 33314,254.8,橙1等级1伤害1暴击2矿等1易伤,1雷电2等级3加一4伤害5暴击68矿等7核9易伤a全技能,2,
61624 33316,254.8,橙1等级1伤害1暴击2矿等1易伤,1雷电2等级3加一4伤害5暴击68矿等7核9易伤a平台,2,
61624 33317,254.8,橙1等级1伤害1暴击2矿等1易伤,1雷电2等级3加一4伤害5暴击68矿等7核9易伤a策反,2,
12363 42234,254.5,橙1随机技能3易伤1挖怪1伤害1矿等1等级1技能,1随机技能267易伤3挖怪4伤害5矿等8等级9技能a核,1,
12133 21626,253.9,橙2随机技能2易伤1时间2等级1全技能1矿等,19随机技能29易伤3金币生成4时间5物品69等级7全技能8核9序列之力a矿等,1,
61624 83321,253.4,橙2雷电1等级3伤害1暴击2矿等,19雷电2等级3加一49a伤害5暴击6技能点7核89矿等9序列之力,2,
26162 23232,253.3,橙2攻速2矿等1时间1等级2伤害,1赏金邻近27攻速37矿等4时间5等级67伤害7序列之力8基地爆炸9核a最后敌人,2,
26162 23231,253.2,橙2攻速2矿等1时间1等级2伤害,1赏金邻近27攻速37矿等4时间5等级67伤害7序列之力8a基地爆炸9核,2,
26162 23233,253.2,橙2攻速2矿等1时间1等级2伤害,1赏金邻近27攻速37矿等4时间5等级67伤害7序列之力8基地爆炸9核a尘,2,
61614 33318,252.0,橙1等级1暴击2矿等1易伤1伤害,1雷电2等级3加一4随机矿5暴击68矿等7核9易伤a伤害,2,
61624 33315,252.0,橙1等级1伤害1暴击2矿等1易伤,1雷电2等级3加一4伤害5暴击68矿等7核9易伤a随机矿,2,
61624 33311,251.4,橙1等级1伤害1暴击2矿等1易伤,1雷电2等级3加一4伤害5暴击68矿等7核9易伤a敌人爆炸,2,
34213 48331,251.1,橙1攻速2易伤1全技能2伤害1暴击1矿等,17最后敌人2攻速37易伤4全技能57伤害6加一7序列之力8核9暴击a矿等,1,
61624 33312,250.7,橙1等级1伤害1暴击2矿等1易伤,1雷电2等级3加一4伤害5暴击68矿等7核9易伤a金币生成,2,
12233 61121,249.7,橙2随机技能2易伤1时间1暴击1等级1矿等,13随机技能27易伤4时间5暴击6雷电8核9等级a矿等,1,
23522 32663,249.1,橙1平台2等级2易伤1矿等2暴击,1赏金邻近2雷电减费3平台4a等级5a易伤6基地爆炸7矿等8核9a暴击a序列之力,1,
26142 23233,249.0,橙2攻速2矿等1等级2伤害,1赏金邻近27攻速37矿等4尘5等级67伤害7序列之力8基地爆炸9核a双倍矿,2,
61624 33423,248.7,橙2雷电1等级2伤害2暴击1矿等2攻速,19雷电2等级3加一49伤害5a暴击6矿等7核89攻速9序列之力,1,
26142 23231,248.4,橙2攻速2矿等1等级2伤害,1赏金邻近27攻速37矿等4尘5等级67伤害7序列之力8基地爆炸9核a敌人爆炸,2,
61232 62511,248.1,橙3雷电2等级1挖怪2易伤1平台2矿等,189雷电2a等级3挖怪4a易伤5平台6核7a矿等a序列之力,2,
61633 21335,248.0,橙橙1等级1易伤,1雷电2等级3加一4易伤5低血量敌人6尘7激光对治愈8a核9双倍矿,0,
34213 48341,247.9,橙1攻速2易伤1全技能2伤害1等级,17最后敌人2攻速37易伤4全技能57伤害6加一7序列之力8核9等级a平台,0,
61624 33241,247.9,橙1等级1伤害1暴击1矿等2易伤,1雷电2等级3加一4伤害5暴击6矿等7核8a易伤9最后敌人,1,
61624 33271,247.9,橙1等级1伤害1暴击1矿等2易伤,1雷电2等级3加一4伤害5暴击6矿等7核8a易伤9低血量敌人,1,
61631 31315,247.9,橙橙1等级1易伤,1雷电2等级3加一4易伤5随机矿6爆破对强壮7资源8a核9尘,0,
61332 54221,247.8,橙1等级3易伤1平台1攻速1技能,1雷电2等级3低血量敌人49a易伤5平台6攻速7技能8核,0,
61624 33221,247.8,橙1等级1伤害1暴击1矿等2易伤,1雷电2等级3加一4伤害5暴击6矿等7核8a易伤9基地爆炸,1,
61624 33313,247.8,橙1等级1伤害1暴击2矿等1易伤,1雷电2等级3加一4伤害5暴击68矿等7核9易伤a资源,2,
61636 43241,247.8,橙1等级2易伤1暴击1矿等1伤害,1雷电2等级3加一48易伤5暴击6风暴减费7核9矿等a伤害,1,
26142 23232,247.7,橙2攻速2矿等1等级2伤害,1赏金邻近27攻速37矿等4尘5等级67伤害7序列之力8基地爆炸9核a金币生成,2,
61232 61153,247.7,橙橙2雷电1等级1挖怪1易伤2平台1随机技能,17雷电2等级3挖怪4易伤5a平台69核8随机技能,0,
12133 21625,247.5,橙2随机技能3易伤1时间2等级1全技能,19随机技能29a易伤3金币生成4时间5物品69等级7全技能8核9序列之力,0,
12233 63134,247.4,橙橙2随机技能1易伤1时间1暴击,13随机技能2易伤4时间5暴击6雷电7冰冻减费8a核9资源,0,
61311 62622,247.2,橙橙1等级1策反1矿等,1雷电2等级3低血量敌人4双倍秒伤5策反68核7赏金塔9基地爆炸a矿等,1,
11253 34512,246.7,橙2随机技能1技能2矿等1暴击2易伤,13随机技能2尘4技能58矿等6暴击7a易伤9核,2,
34213 48342,246.6,橙1攻速2易伤1全技能2伤害1等级,17最后敌人2攻速37易伤4全技能57伤害6加一7序列之力8核9等级a雷电,0,
61624 33351,246.5,橙1等级1伤害1暴击3矿等1平台,1雷电2等级3加一4伤害5暴击68a矿等7核9平台,3,
61332 62621,246.0,橙1等级3易伤1平台1矿等,1雷电2等级3低血量敌人49a易伤5平台6核7矿等8金币生成,1,
61627 34131,245.9,橙1等级3伤害1平台2易伤,1雷电2等级3加一459伤害6平台7a易伤8核,0,
61627 41131,245.9,橙1等级3伤害2易伤1平台,1雷电2等级3加一459伤害6a易伤7平台8核,0,
12123 21626,245.6,橙2随机技能2易伤2等级1全技能1矿等,19随机技能29易伤3金币生成4低血量敌人5物品69等级7全技能8核9序列之力a矿等,1,
61232 63153,245.5,橙橙1等级1挖怪1易伤2平台1随机技能,1雷电2等级3挖怪4易伤5a平台69核7立即金币8随机技能,0,
61624 33261,245.5,橙1等级1伤害1暴击1矿等1易伤1技能,1雷电2等级3加一4伤害5暴击6矿等7核8易伤9技能a随机技能,1,
61332 62231,245.4,橙2雷电1等级2易伤1平台1矿等1伤害,18雷电2等级3低血量敌人4a易伤5平台6核7矿等9伤害,1,
61624 33264,244.9,橙1等级1伤害2暴击1矿等1易伤1技能,1雷电2等级3加一4伤害5a暴击6矿等7核8易伤9技能,1,
66624 33313,244.8,橙1伤害1暴击2矿等2易伤,1雷电2金币生成3加一4伤害5暴击68矿等7核9a易伤,2,
61624 33426,244.4,橙2雷电1等级2伤害1暴击1矿等2攻速,19雷电2等级3加一49伤害5暴击6矿等7核89攻速9序列之力a立即金币,1,
23324 42343,244.3,橙2易伤1等级1技能1矿等1攻速,1赏金邻近2雷电减费35易伤4金币生成6核7等级8技能9矿等a攻速,1,
61631 43271,244.3,橙1等级2易伤2矿等,1雷电2等级3加一48易伤5随机矿6核弹7a矿等9核,2,
61232 61152,244.1,橙橙2雷电1等级1挖怪1易伤1平台1随机技能,17雷电2等级3挖怪4易伤5平台69核8随机技能a立即金币,0,
61624 83323,244.0,橙2雷电1等级2伤害2暴击2矿等,19雷电2等级3加一49伤害5a暴击6技能点7核89矿等9序列之力,2,
56123 11112,243.88,紫橙2雷电1攻速1暴击2易伤,18敌人爆炸26雷电3a核4攻速5暴击79易伤,0,
61313 62631,243.8,橙橙1等级2技能,1雷电2等级3低血量敌人4双倍秒伤59技能68核7赏金塔a技能点,0,
61313 62633,243.8,橙橙1等级2技能,1雷电2等级3低血量敌人4双倍秒伤59技能68核7赏金塔a基础对治愈,0,
32553 13432,243.4,橙橙1时间1全技能1等级1攻速,1最后敌人2赏金塔3时间4全技能5等级69核7a金币生成8攻速,0,
51342 42122,243.4,橙橙1易伤1技能1随机技能1策反,1敌人爆炸2低血量敌人3易伤4金币生成5技能6a核7随机技能8策反9毒对黄,0,
61332 62331,243.2,橙1等级2易伤1平台1矿等1伤害,1雷电2等级3低血量敌人4a易伤5平台6核7矿等8立即金币9伤害,1,
32253 16235,243.1,橙橙1全技能1等级1伤害,1最后敌人2赏金塔3低血量敌人4全技能5等级69核7伤害8金币生成a随机技能,0,
23311 14433,242.8,橙2易伤2矿等1等级1时间,1赏金邻近2雷电减费3a易伤4尘57矿等6等级8时间9核,2,
54221 23121,242.8,橙3攻速1易伤2伤害2时间1技能,19敌人爆炸289攻速3易伤46伤害59时间7技能9序列之力a核,0,
36123 21524,242.78,紫橙1攻速1技能2易伤1平台,16最后敌人2雷电37核4攻速5技能8a易伤9平台,0,
63123 21524,242.78,紫橙1攻速1技能2易伤1平台,1雷电26最后敌人37核4攻速5技能8a易伤9平台,0,
12234 55113,242.6,橙2随机技能1易伤1时间1伤害1攻速1技能1暴击1等级,13随机技能2易伤4时间5伤害6核7攻速8技能9暴击a等级,0,
61614 33421,242.6,橙2雷电2等级1暴击1矿等2攻速1伤害,19雷电29等级3加一4随机矿5暴击6矿等7核89攻速9序列之力a伤害,1,
25253 16232,242.5,橙橙1全技能1等级1伤害,1赏金邻近2敌人爆炸3低血量敌人4全技能5等级69核7伤害8a金币生成,0,
52253 16232,242.5,橙橙1全技能1等级1伤害,1敌人爆炸2赏金塔3低血量敌人4全技能5等级69核7伤害8a金币生成,0,
61313 62621,242.4,橙橙1等级1技能1暴击,1雷电2等级3低血量敌人4双倍秒伤5技能68核7赏金塔9基地爆炸a暴击,0,
61624 33422,242.3,橙2雷电1等级2伤害1暴击1矿等2攻速,19雷电2等级3加一49伤害5暴击6矿等7核89攻速9序列之力a燃烧减费,1,
61624 33424,242.3,橙2雷电1等级2伤害1暴击1矿等2攻速,19雷电2等级3加一49伤害5暴击6矿等7核89攻速9序列之力a基地爆炸,1,
61624 33425,242.3,橙2雷电1等级2伤害1暴击1矿等2攻速,19雷电2等级3加一49伤害5暴击6矿等7核89攻速9序列之力a技能点,1,
61624 33427,242.3,橙2雷电1等级2伤害1暴击1矿等2攻速,19雷电2等级3加一49伤害5暴击6矿等7核89攻速9序列之力a双倍秒伤,1,
61332 61153,242.1,橙橙2雷电1等级1易伤1平台1随机技能1挖怪,17雷电2等级3低血量敌人4易伤5平台69核8随机技能a挖怪,0,
61232 61151,242.0,橙橙2雷电1等级1挖怪1易伤1平台1随机技能,17雷电2等级3挖怪4易伤5平台69核8随机技能a尘,0,
61232 63152,241.9,橙橙1等级1挖怪1易伤1平台1随机技能,1雷电2等级3挖怪4易伤5平台69核7a立即金币8随机技能,0,
36123 21452,241.68,紫橙1攻速1技能1等级1易伤,16最后敌人2雷电37核4攻速5技能8等级9尘a易伤,0,
36123 21553,241.68,紫橙1攻速1技能1易伤1等级,16最后敌人2雷电37核4攻速5技能8易伤9尘a等级,0,
63123 21452,241.68,紫橙1攻速1技能1等级1易伤,1雷电26最后敌人37核4攻速5技能8等级9尘a易伤,0,
63123 21553,241.68,紫橙1攻速1技能1易伤1等级,1雷电26最后敌人37核4攻速5技能8易伤9尘a等级,0,
32253 16533,241.6,橙橙1全技能1等级1伤害,1最后敌人2赏金塔3低血量敌人4全技能5等级69核7伤害8技能点a时间,0,
34213 48343,241.0,橙1攻速2易伤1全技能2伤害1等级,17最后敌人2攻速37易伤4全技能57伤害6加一7序列之力8核9等级a低血量敌人,0,
34213 48344,240.9,橙1攻速2易伤1全技能2伤害1等级,17最后敌人2攻速37易伤4全技能57伤害6加一7序列之力8核9等级a基础对治愈,0,
32553 13431,240.5,橙橙1时间1全技能1等级1攻速,1最后敌人2赏金塔3时间4全技能5等级69核7金币生成8攻速a赏金邻近,0,
35351 25223,240.3,橙1平台3易伤2等级1随机技能1全技能,17最后敌人2平台3敌人爆炸467易伤57等级7序列之力8随机技能9全技能a核,0,
61333 41271,240.3,橙1等级2易伤2矿等,1雷电2等级35低血量敌人48易伤6a矿等7加一9核,2,
61633 34271,240.3,橙1等级2易伤2矿等,1雷电2等级3加一48易伤56低血量敌人7a矿等9核,2,
31342 42122,239.9,橙橙1易伤1技能1随机技能1策反,1最后敌人2低血量敌人3易伤4金币生成5技能6a核7随机技能8策反9毒对黄,0,
61332 63153,239.9,橙橙1等级1易伤1平台1随机技能1挖怪,1雷电2等级3低血量敌人4易伤5平台69核7立即金币8随机技能a挖怪,0,
61232 63151,239.8,橙橙1等级1挖怪1易伤1平台1随机技能,1雷电2等级3挖怪4易伤5平台69核7立即金币8随机技能a尘,0,
12163 21561,239.7,橙1随机技能3易伤1冰对冰球1矿等1攻速,1随机技能267易伤3金币生成4冰对冰球5矿等8攻速9核a时间,1,
12163 23361,239.7,橙1随机技能3易伤1冰对冰球1矿等1攻速,1随机技能268易伤3金币生成4冰对冰球5矿等7攻速9核a时间,1,
25253 16231,239.6,橙橙1全技能1等级1伤害,1赏金邻近2敌人爆炸3低血量敌人4全技能5等级69核7伤害8金币生成a赏金塔,0,
52253 16231,239.6,橙橙1全技能1等级1伤害,1敌人爆炸2赏金塔3低血量敌人4全技能5等级69核7伤害8金币生成a赏金邻近,0,
61522 34415,239.4,橙橙2雷电3等级,14雷电259等级3加农对强壮6加一7挖道具8a核,0,
12123 21625,239.2,橙2随机技能3易伤2等级1全技能,19随机技能29a易伤3金币生成4低血量敌人5物品69等级7全技能8核9序列之力,0,
32253 13435,239.2,橙橙1全技能1等级1攻速,1最后敌人2赏金塔3低血量敌人4全技能5等级69核7金币生成8攻速a随机技能,0,
12133 21621,239.1,橙2随机技能2易伤1时间2等级1全技能1暴击,19随机技能29易伤3金币生成4时间5物品69等级7全技能8核9序列之力a暴击,0,
35351 12362,239.1,橙1平台1易伤1等级2矿等1伤害,1最后敌人2平台3敌人爆炸4易伤5等级67矿等8低血量敌人9伤害a核,2,
12363 22234,239.0,橙2随机技能2易伤1挖怪1伤害1矿等1等级1技能,16随机技能27易伤3挖怪4伤害5矿等8等级9技能a核,1,
32253 16232,239.0,橙橙1全技能1等级1伤害,1最后敌人2赏金塔3低血量敌人4全技能5等级69核7伤害8a金币生成,0,
35351 12152,239.0,橙1平台1易伤1等级2矿等1伤害,1最后敌人2平台3敌人爆炸4易伤5等级67矿等8伤害9双倍秒伤a核,2,
61614 33314,238.8,橙1等级1暴击2矿等1易伤,1雷电2等级3加一4随机矿5暴击68矿等7核9易伤a全技能,2,
61614 33316,238.8,橙1等级1暴击2矿等1易伤,1雷电2等级3加一4随机矿5暴击68矿等7核9易伤a平台,2,
61614 33317,238.8,橙1等级1暴击2矿等1易伤,1雷电2等级3加一4随机矿5暴击68矿等7核9易伤a策反,2,
23311 16433,238.7,橙3易伤1矿等1等级1时间,1赏金邻近2雷电减费37a易伤4尘5矿等6等级8时间9核,1,
25253 13432,238.6,橙橙1全技能1等级1攻速,1赏金邻近2敌人爆炸3低血量敌人4全技能5等级69核7a金币生成8攻速,0,
52253 13432,238.6,橙橙1全技能1等级1攻速,1敌人爆炸2赏金塔3低血量敌人4全技能5等级69核7a金币生成8攻速,0,
61624 33262,238.5,橙1等级1伤害1暴击1矿等1易伤1技能,1雷电2等级3加一4伤害5暴击6矿等7核8易伤9技能a双倍秒伤,1,
61624 33263,238.5,橙1等级1伤害1暴击1矿等1易伤1技能,1雷电2等级3加一4伤害5暴击6矿等7核8易伤9技能a尘,1,
12614 53131,238.3,橙1随机技能2易伤1伤害1等级1矿等,1随机技能28易伤3资源4金币生成5伤害6核7最后敌人9等级a矿等,1,
33411 34336,238.2,橙1等级2易伤2矿等,1最后敌人2a狙对黄3等级4低血量敌人5a易伤6敌人爆炸7核8加一9a矿等a序列之力,2,
36123 21514,238.08,紫橙1攻速1技能1易伤1矿等,16最后敌人2雷电37核4攻速5技能8易伤9敌人掉落a矿等,1,
63123 21514,238.08,紫橙1攻速1技能1易伤1矿等,1雷电26最后敌人37核4攻速5技能8易伤9敌人掉落a矿等,1,
12133 55332,238.0,橙1随机技能1易伤1时间2伤害1等级1矿等,1随机技能2易伤3金币生成4时间5物品6核7a伤害8等级9矿等,1,
12163 21562,238.0,橙2随机技能3易伤1冰对冰球1矿等1攻速,1a随机技能267易伤3金币生成4冰对冰球5矿等8攻速9核,1,
12163 23362,238.0,橙2随机技能3易伤1冰对冰球1矿等1攻速,1a随机技能268易伤3金币生成4冰对冰球5矿等7攻速9核,1,
54233 43212,237.9,橙橙1攻速1易伤1等级1挖怪,1敌人爆炸2攻速3易伤4挖道具5等级6a核7敌人掉落8技能点9挖怪,0,
34322 62321,237.8,3攻速1伤害3矿等1等级2易伤,17最后敌人27a攻速3敌人爆炸4伤害57a矿等6双倍秒伤7a序列之力8等级9a易伤,3,
33424 33163,237.7,橙3等级1矿等2易伤,179最后敌人2狙对黄39a等级4矿等5雷电6核89易伤9序列之力,1,
61624 83322,237.6,橙2雷电1等级2伤害1暴击2矿等,19雷电2等级3加一49伤害5暴击6技能点7核89矿等9序列之力a燃烧减费,2,
61624 83324,237.6,橙2雷电1等级2伤害1暴击2矿等,19雷电2等级3加一49伤害5暴击6技能点7核89矿等9序列之力a基地爆炸,2,
12224 63234,237.5,橙2随机技能2易伤1伤害1策反1等级1技能,13随机技能26易伤4低血量敌人5伤害7策反8等级9技能a核,0,
12241 63632,237.5,橙3随机技能2易伤2等级1技能,135随机技能27易伤47等级6技能7序列之力8最后敌人9核a策反,0,
61614 33371,237.5,橙1等级1暴击2矿等2伤害,1雷电2等级3加一4随机矿5暴击68矿等7核9a伤害,2,
23324 41523,237.4,橙2易伤2矿等1等级,1赏金邻近2雷电减费35易伤4金币生成6核7低血量敌人8a矿等9等级,2,
61313 62612,237.2,橙橙1等级1技能1挖怪1矿等,1雷电2等级3低血量敌人4双倍秒伤5技能68核7赏金塔9挖怪a矿等,1,
23342 21356,236.9,橙3易伤2攻速1等级,1赏金邻近2雷电减费359易伤4随机矿5序列之力67攻速8等级a核,0,
61624 33234,236.9,橙1等级1伤害1暴击1矿等1易伤2时间,1雷电2等级3加一4伤害5暴击6矿等7核8易伤9a时间,1,
61624 33235,236.9,橙1等级1伤害1暴击1矿等1易伤1时间,1雷电2等级3加一4伤害5暴击6矿等7核8易伤9时间a随机技能,1,
61636 43231,236.9,橙1等级2易伤1暴击2伤害,1雷电2等级3加一48易伤5暴击6风暴减费7核9a伤害,0,
12663 23361,236.8,橙1随机技能3易伤1冰对冰球1矿等1攻速,1随机技能268易伤3资源4冰对冰球5矿等7攻速9核a时间,1,
11253 34513,236.7,橙2随机技能1技能2矿等1暴击1易伤1攻速,13随机技能2尘4技能58矿等6暴击7易伤9核a攻速,2,
26151 32213,236.3,橙1攻速2矿等3策反1伤害1等级,1赏金邻近2攻速35矿等459策反5序列之力6伤害7等级8雷电a核,2,
61624 33236,236.3,橙1等级1伤害2暴击1矿等1易伤1时间,1雷电2等级3加一4伤害5a暴击6矿等7核8易伤9时间,1,
61322 35271,236.2,橙1等级1伤害2易伤1矿等,1雷电2等级3低血量敌人4伤害5立即金币6加一78易伤9核a矿等,1,
12133 54422,236.1,橙橙1随机技能1易伤2时间,1随机技能2易伤39金币生成47时间5物品6a核8立即金币,0,
32253 16231,236.1,橙橙1全技能1等级1伤害,1最后敌人2赏金塔3低血量敌人4全技能5等级69核7伤害8金币生成a赏金邻近,0,
32253 16532,236.1,橙橙1全技能1等级1伤害,1最后敌人2赏金塔3低血量敌人4全技能5等级69核7伤害8技能点a金币生成,0,
35351 12352,235.9,橙1平台1易伤1等级2矿等1技能,1最后敌人2平台3敌人爆炸4易伤5等级67矿等8低血量敌人9技能a核,2,
25253 13431,235.7,橙橙1全技能1等级1攻速,1赏金邻近2敌人爆炸3低血量敌人4全技能5等级69核7金币生成8攻速a赏金塔,0,
34213 13111,235.7,橙1攻速2易伤2全技能1伤害1等级,1最后敌人2攻速36易伤48全技能5伤害7等级9核a随机技能,0,
34213 13114,235.7,橙1攻速2易伤2全技能1伤害1等级,1最后敌人2攻速36易伤48全技能5伤害7等级9核a平台,0,
52253 13431,235.7,橙橙1全技能1等级1攻速,1敌人爆炸2赏金塔3低血量敌人4全技能5等级69核7金币生成8攻速a赏金邻近,0,
11336 63162,235.6,橙3随机技能2等级3易伤,15a随机技能2a尘3基地爆炸45等级5a序列之力69a易伤7敌人掉落8核,0,
23324 21356,235.6,橙3易伤2攻速1等级,1赏金邻近2雷电减费359易伤4金币生成67攻速8等级a核,0,
61311 62633,235.6,橙橙1等级1策反1技能,1雷电2等级3低血量敌人4双倍秒伤5策反68核7赏金塔9技能a技能点,0,
32253 16351,235.5,橙1全技能1等级1伤害2易伤1矿等,1最后敌人2赏金塔3低血量敌人4全技能5等级6核7伤害8a易伤9矿等,1,
35251 12152,235.5,橙1平台1易伤1等级2矿等1伤害,1最后敌人2平台3低血量敌人4易伤5等级67矿等8伤害9双倍秒伤a核,2,
61614 33311,235.4,橙1等级1暴击2矿等1易伤,1雷电2等级3加一4随机矿5暴击68矿等7核9易伤a敌人爆炸,2,
23316 22663,235.3,橙2易伤1平台1等级1矿等2暴击,1赏金邻近2雷电减费3a易伤4a尘5平台6等级7矿等8核9a暴击a序列之力,1,
23356 16333,235.3,橙2易伤1全技能1等级1伤害1矿等,1赏金邻近2雷电减费38易伤4全技能5等级6核7伤害9双倍秒伤a矿等,1,
12234 62216,235.2,橙3随机技能2易伤2时间1伤害1等级,139随机技能26易伤47时间5伤害8等级a核,0,
12663 23362,235.1,橙2随机技能3易伤1冰对冰球1矿等1攻速,1a随机技能268易伤3资源4冰对冰球5矿等7攻速9核,1,
32253 13432,235.1,橙橙1全技能1等级1攻速,1最后敌人2赏金塔3低血量敌人4全技能5等级69核7a金币生成8攻速,0,
25532 43232,234.7,橙橙3时间1等级,1赏金邻近2敌人爆炸348时间5等级69核7资源a随机矿,0,
52532 43232,234.7,橙橙3时间1等级,1敌人爆炸2赏金塔348时间5等级69核7资源a随机矿,0,
61614 33312,234.7,橙1等级1暴击2矿等1易伤,1雷电2等级3加一4随机矿5暴击68矿等7核9易伤a金币生成,2,
26523 33412,234.6,橙1攻速1时间2暴击2等级2矿等,1赏金邻近2攻速3时间48暴击56等级7核9a矿等,2,
61636 43243,234.6,橙1等级2易伤1暴击1矿等,1雷电2等级3加一48易伤5暴击6风暴减费7核9矿等a全技能,1,
34213 13112,234.4,橙1攻速2易伤2全技能1伤害1等级,1最后敌人2攻速36易伤48全技能5伤害7等级9核a雷电,0,
61624 33148,234.3,橙2雷电1等级3伤害1暴击1矿等,19雷电2等级3加一49a伤害5暴击6矿等7核89敌人爆炸9序列之力,1,
23324 42533,234.1,橙2易伤1等级1伤害1矿等,1赏金邻近2雷电减费35易伤48金币生成6核7等级9伤害a矿等,1,
26523 31142,234.1,橙1攻速1时间1暴击2等级1易伤1矿等,1赏金邻近2攻速3时间4暴击56等级7加一8易伤9矿等a核,1,
61624 33131,233.5,橙1等级1伤害1暴击1矿等1时间1易伤,1雷电2等级3加一4伤害5暴击6矿等7核8敌人爆炸9时间a易伤,1,
61624 33328,233.4,橙1等级2伤害1暴击2矿等,1雷电2等级3加一4a伤害5暴击68矿等7核9低血量敌人,2,
23622 45232,233.3,橙橙3时间1矿等,1赏金邻近2雷电减费358时间45金币生成5序列之力69核7矿等a随机矿,1,
26162 23234,233.2,橙2攻速2矿等1时间1等级2伤害1挖怪,1赏金邻近27攻速37矿等4时间5等级67伤害7序列之力8基地爆炸9核a挖怪,2,
26162 23236,233.2,橙2攻速2矿等1时间1等级2伤害1卖塔,1赏金邻近27攻速37矿等4时间5等级67伤害7序列之力8基地爆炸9核a卖塔,2,
32253 16531,233.2,橙橙1全技能1等级1伤害,1最后敌人2赏金塔3低血量敌人4全技能5等级69核7伤害8技能点a赏金邻近,0,
12614 52131,233.1,橙1随机技能1易伤1伤害1技能1等级1矿等,1随机技能2易伤3资源4金币生成5伤害6核7随机矿8技能9等级a矿等,1,
26151 42213,233.1,橙1攻速2矿等3策反1技能1等级,1赏金邻近2攻速35矿等459策反5序列之力6技能7等级8雷电a核,2,
61332 62235,232.9,橙2雷电1等级1易伤1平台1矿等1伤害1暴击,18雷电2等级3低血量敌人4易伤5平台6核7矿等9伤害a暴击,1,
23311 14436,232.8,橙1易伤2矿等1等级1时间1攻速,1赏金邻近2雷电减费3易伤4尘57矿等6等级8时间9核a攻速,2,
23311 16436,232.8,橙2易伤1矿等1等级1时间1攻速,1赏金邻近2雷电减费37易伤4尘5矿等6等级8时间9核a攻速,1,
23336 21356,232.8,橙2易伤1伤害2攻速1等级,1赏金邻近2雷电减费39易伤4立即金币5伤害67攻速8等级a核,0,
61624 33232,232.8,橙1等级1伤害1暴击1矿等1易伤1时间,1雷电2等级3加一4伤害5暴击6矿等7核8易伤9时间a金币生成,1,
35351 12422,232.7,橙1平台1易伤1等级2矿等1暴击,19最后敌人2平台3敌人爆炸4易伤5等级67矿等8暴击a核,2,
61624 33211,232.7,橙1等级1伤害1暴击1矿等1易伤,1雷电2等级3加一4伤害5暴击6矿等7核8易伤9随机矿a随机技能,1,
61624 33215,232.7,橙1等级1伤害1暴击1矿等1易伤,1雷电2等级3加一4伤害5暴击6矿等7核8易伤9随机矿a策反,1,
26613 22611,232.5,橙橙1攻速1随机技能1矿等1策反,1赏金邻近2攻速3导弹对绿4随机技能5赏金塔6矿等7a核8策反9资源,1,
61311 62621,232.4,橙橙1等级1策反1暴击,1雷电2等级3低血量敌人4双倍秒伤5策反68核7赏金塔9基地爆炸a暴击,0,
12163 23661,232.2,橙1随机技能2易伤1冰对冰球1矿等2攻速,1随机技能26易伤3金币生成4冰对冰球5矿等78攻速9核a时间,1,
23324 42363,232.2,橙2易伤1等级1技能1矿等,1赏金邻近2雷电减费35易伤4金币生成6核7等级8技能9双倍矿a矿等,1,
32253 13431,232.2,橙橙1全技能1等级1攻速,1最后敌人2赏金塔3低血量敌人4全技能5等级69核7金币生成8攻速a赏金邻近,0,
61614 33428,232.2,橙2雷电3等级1暴击1矿等2攻速,19雷电29a等级3加一4随机矿5暴击6矿等7核89攻速9序列之力,1,
61624 33214,232.1,橙1等级1伤害2暴击1矿等1易伤,1雷电2等级3加一4伤害5a暴击6矿等7核8易伤9随机矿,1,
61614 33231,231.9,橙1等级1暴击1矿等2易伤,1雷电2等级3加一4随机矿5暴击6矿等7核8a易伤9低血量敌人,1,
61614 33251,231.9,橙1等级1暴击1矿等2易伤,1雷电2等级3加一4随机矿5暴击6矿等7核8a易伤9最后敌人,1,
54221 24133,231.8,橙2攻速2易伤2伤害1时间,18敌人爆炸2a攻速37易伤46伤害5时间9核,0,
61614 33313,231.8,橙1等级1暴击2矿等1易伤,1雷电2等级3加一4随机矿5暴击68矿等7核9易伤a资源,2,
61614 33315,231.8,橙1等级1暴击2矿等1易伤,1雷电2等级3加一4随机矿5暴击68矿等7核9易伤a双倍秒伤,2,
34212 32111,231.6,橙1攻速2易伤1全技能1等级1矿等,1最后敌人2攻速3a易伤4全技能5低血量敌人6等级7基地爆炸8核9矿等,1,
34213 13115,231.6,橙1攻速2易伤2全技能1伤害1等级,1最后敌人2攻速36易伤48全技能5伤害7等级9核a金币生成,0,
34215 33111,231.5,橙1攻速2易伤1全技能1等级1矿等,1最后敌人2攻速3a易伤4全技能5基地爆炸6等级7尘8核9矿等,1,
61332 44221,231.5,橙1等级3易伤1平台1技能,1雷电2等级3低血量敌人49a易伤5平台6资源7技能8核,0,
23356 12633,231.4,橙2易伤1全技能1等级1攻速1矿等,1赏金邻近2雷电减费37易伤4全技能5等级6核8攻速9双倍秒伤a矿等,1,
23356 13333,231.4,橙2易伤1全技能1等级1攻速1矿等,1赏金邻近2雷电减费38易伤4全技能5等级6核7攻速9双倍秒伤a矿等,1,
61626 34134,231.4,橙2等级2伤害1平台1易伤1暴击,1雷电25等级3加一49伤害6平台7易伤8核a暴击,0,
61626 41134,231.4,橙2等级2伤害1易伤1平台1暴击,1雷电25等级3加一49伤害6易伤7平台8核a暴击,0,
12163 21563,231.3,橙1随机技能3易伤1冰对冰球1矿等1攻速,1随机技能267易伤3金币生成4冰对冰球5矿等8攻速9核a基地爆炸,1,
12163 23363,231.3,橙1随机技能3易伤1冰对冰球1矿等1攻速,1随机技能268易伤3金币生成4冰对冰球5矿等7攻速9核a基地爆炸,1,
12163 23364,231.3,橙1随机技能3易伤1冰对冰球1矿等1攻速,1随机技能268易伤3金币生成4冰对冰球5矿等7攻速9核a冰对黄,1,
12163 23365,231.3,橙1随机技能3易伤1冰对冰球1矿等1攻速,1随机技能268易伤3金币生成4冰对冰球5矿等7攻速9核a毒减费,1,
12163 23366,231.3,橙1随机技能3易伤1冰对冰球1矿等1攻速,1随机技能268易伤3金币生成4冰对冰球5矿等7攻速9核a资源,1,
26112 23552,231.3,3攻速2矿等2等级3伤害1易伤,1赏金邻近279攻速37矿等49低血量敌人59等级678伤害79序列之力a易伤,2,
12231 42622,231.2,橙2随机技能4易伤1时间1伤害,13随机技能2679易伤4时间5最后敌人8核a伤害,0,
12163 15333,231.1,橙1随机技能1易伤1冰对冰球1矿等2时间1技能1等级,1随机技能2易伤3金币生成4冰对冰球5矿等69时间7技能8等级a核,1,
21532 45232,231.1,橙橙3时间1矿等,1赏金邻近2资源348时间5敌人爆炸69核7矿等a随机矿,1,
24532 43232,231.1,橙橙3时间1等级,1赏金邻近2基地爆炸348时间5等级69核7资源a随机矿,0,
61612 31315,231.1,橙橙1等级1时间1冰对冰球,1雷电2等级3加一4随机矿5时间6冰对冰球7资源8a核9尘,0,
23324 42342,230.9,橙2易伤1等级1技能1矿等,1赏金邻近2雷电减费35易伤4a金币生成6核7等级8技能9矿等,1,
34213 48332,230.9,橙1攻速2易伤1全技能2伤害1暴击,17最后敌人2攻速37易伤4全技能57伤害6加一7序列之力8核9暴击a时间,0,
12123 21621,230.8,橙2随机技能2易伤2等级1全技能1暴击,19随机技能29易伤3金币生成4低血量敌人5物品69等级7全技能8核9序列之力a暴击,0,
12163 15343,230.8,橙2随机技能1易伤1冰对冰球1矿等1时间1技能1等级,19随机技能2易伤3金币生成4冰对冰球5矿等6时间7技能8等级a核,1,
12535 31235,230.7,橙2随机技能2易伤1平台2矿等,17随机技能27易伤3双倍秒伤4平台5随机矿67矿等7序列之力8敌人爆炸9赏金塔a核,2,
61332 62335,230.7,橙1等级1易伤1平台1矿等1伤害1暴击,1雷电2等级3低血量敌人4易伤5平台6核7矿等8立即金币9伤害a暴击,1,
12241 63633,230.6,橙3随机技能2易伤2等级1技能,135随机技能27易伤47等级6技能7序列之力8最后敌人9核a低血量敌人,0,
26151 51332,230.6,橙1攻速2矿等2策反1暴击1易伤1时间,1赏金邻近2攻速35矿等45策反5序列之力6暴击7敌人爆炸8易伤9时间a核,2,
32553 12234,230.6,橙1时间1全技能1等级2易伤1随机技能1矿等,1最后敌人2赏金塔3时间4全技能5等级6核7a易伤8随机技能9矿等,1,
12163 23662,230.5,橙2随机技能2易伤1冰对冰球1矿等2攻速,1a随机技能26易伤3金币生成4冰对冰球5矿等78攻速9核,1,
12241 63612,230.5,橙3随机技能2易伤2等级1技能,135随机技能27易伤47等级6技能7序列之力8最后敌人9基地爆炸a核,0,
12241 63631,230.5,橙3随机技能2易伤2等级1技能,135随机技能27易伤47等级6技能7序列之力8最后敌人9核a尘,0,
23522 62633,230.5,橙1平台1等级1易伤1时间2矿等,1赏金邻近2雷电减费3平台4等级5易伤6时间79矿等8核a全技能,2,
23653 12234,230.5,橙1时间1全技能1等级2易伤1随机技能1矿等,1赏金邻近2雷电减费3时间4全技能5等级6核7a易伤8随机技能9矿等,1,
25532 43231,230.5,橙橙3时间1等级,1赏金邻近2敌人爆炸348时间5等级69核7资源a火球减费,0,
25532 43233,230.5,橙橙3时间1等级,1赏金邻近2敌人爆炸348时间5等级69核7a资源,0,
52532 43231,230.5,橙橙3时间1等级,1敌人爆炸2赏金塔348时间5等级69核7资源a火球减费,0,
52532 43233,230.5,橙橙3时间1等级,1敌人爆炸2赏金塔348时间5等级69核7a资源,0,
12163 26361,230.4,橙1随机技能3易伤1冰对冰球1矿等1策反,1随机技能268易伤3金币生成4冰对冰球5矿等7策反9核a时间,1,
23324 42323,230.4,橙2易伤1等级1技能2攻速,1赏金邻近2雷电减费35易伤4金币生成6核7等级8技能9a攻速,0,
61333 41273,230.3,橙1等级2易伤1矿等1攻速,1雷电2等级35低血量敌人48易伤6矿等7加一9核a攻速,1,
61633 34273,230.3,橙1等级2易伤1矿等1攻速,1雷电2等级3加一48易伤56低血量敌人7矿等9核a攻速,1,
16324 33432,230.2,橙2随机技能2矿等3伤害1技能,18随机技能2核弹3尘48矿等58a伤害6技能7立即金币8序列之力9核,2,
61627 34141,230.1,橙1等级2伤害1平台2易伤,1雷电2等级3加一45伤害6平台7a易伤8核9资源,0,
61627 41141,230.1,橙1等级2伤害2易伤1平台,1雷电2等级3加一45伤害6a易伤7平台8核9资源,0,
61232 62321,230.0,橙1等级1挖怪3易伤1平台1矿等1策反,1雷电2等级3挖怪49a易伤5平台6核7矿等8策反,1,
61614 33228,230.0,橙2雷电1等级1暴击1矿等1易伤1伤害,19雷电2等级3加一4随机矿5暴击6矿等7核8易伤a伤害,1,
61624 33244,230.0,橙1等级1伤害1暴击1矿等1易伤,1雷电2等级3加一4伤害5暴击6矿等7核8易伤9最后敌人a时间,1,
61624 33274,230.0,橙1等级1伤害1暴击1矿等1易伤,1雷电2等级3加一4伤害5暴击6矿等7核8易伤9低血量敌人a时间,1,
61624 33731,230.0,橙1等级1伤害1暴击1矿等1时间1易伤,1雷电2等级3加一4伤害5暴击6矿等7核8最后敌人9时间a易伤,1,
61614 33218,229.9,橙1等级1暴击1矿等1易伤1伤害,1雷电2等级3加一49随机矿5暴击6矿等7核8易伤a伤害,1,
61624 33224,229.9,橙1等级1伤害1暴击1矿等1易伤,1雷电2等级3加一4伤害5暴击6矿等7核8易伤9基地爆炸a时间,1,
61624 33233,229.9,橙1等级1伤害1暴击1矿等1易伤1时间,1雷电2等级3加一4伤害5暴击6矿等7核8易伤9时间a资源,1,
61624 33237,229.9,橙1等级1伤害1暴击1矿等1易伤1时间,1雷电2等级3加一4伤害5暴击6矿等7核8易伤9时间a尘,1,
61624 33521,229.9,橙1等级1伤害1暴击1矿等1时间1易伤,1雷电2等级3加一4伤害5暴击6矿等7核8时间9基地爆炸a易伤,1,
12234 55313,229.8,橙2随机技能1易伤1时间1伤害1攻速1暴击1等级,13随机技能2易伤4时间5伤害6核7攻速8随机矿9暴击a等级,0,
12623 21561,229.8,橙1随机技能3易伤1矿等1攻速,1随机技能267易伤3资源4毒对冰5矿等8攻速9核a时间,1,
12623 23361,229.8,橙1随机技能3易伤1矿等1攻速,1随机技能268易伤3资源4毒对冰5矿等7攻速9核a时间,1,
26523 41112,229.7,橙1攻速1时间1暴击1等级2伤害1易伤,1赏金邻近2攻速3时间4暴击5等级68伤害7易伤9最后敌人a核,0,
61332 62251,229.7,橙2雷电1等级1易伤1平台1矿等1暴击1技能,18雷电2等级3低血量敌人4易伤5平台6核7矿等9暴击a技能,1,
22636 51122,229.6,橙2雷电1等级1易伤1冰对冰球1技能1矿等1暴击,1赏金邻近24雷电3等级5易伤6冰对冰球7技能8矿等9暴击a核,1,
23522 12633,229.6,橙1平台1等级1易伤1伤害1矿等1技能,1赏金邻近2雷电减费3平台4等级5易伤6伤害7敌人爆炸8核9矿等a技能,1,
26423 41132,229.6,橙1攻速1暴击1等级2伤害1易伤1时间,1赏金邻近2攻速3尘4暴击5等级68伤害7易伤9时间a核,0,
61614 33261,229.5,橙1等级1暴击1矿等1易伤1技能,1雷电2等级3加一4随机矿5暴击6矿等7核8易伤9技能a随机技能,1,
16151 13122,229.48,紫橙1随机技能1攻速1等级1易伤,1随机技能2核弹3攻速4a核5等级6敌人爆炸7最后敌人8易伤9毒对黄,0,
16151 14122,229.48,紫橙1随机技能1攻速1等级1易伤,1随机技能2核弹3攻速4a核5等级6敌人爆炸7低血量敌人8易伤9毒对黄,0,
61614 33423,229.4,橙2雷电2等级1暴击1矿等2攻速,19雷电29等级3加一4随机矿5暴击6矿等7核89攻速9序列之力a全技能,1,
61313 63236,229.3,橙1等级1技能1攻速1矿等1易伤,1雷电2等级3低血量敌人4双倍秒伤5技能6核7攻速8矿等9易伤a时间,1,
11332 63162,229.2,橙2随机技能2等级3易伤,1a随机技能2a尘3基地爆炸45等级69a易伤7敌人掉落8核a序列之力,0,
35251 12422,229.2,橙1平台1易伤1等级2矿等1暴击,19最后敌人2平台3低血量敌人4易伤5等级67矿等8暴击a核,2,
26523 33152,229.1,橙1攻速2时间1暴击2等级1伤害1矿等,1赏金邻近2攻速39时间4暴击56等级7核8伤害a矿等,1,
33453 42121,229.1,橙1等级1暴击2易伤1策反1矿等,14最后敌人2狙对黄3等级5暴击6核7a易伤8策反9矿等,1,
23356 12243,229.0,橙2易伤1全技能2等级1矿等,1赏金邻近2雷电减费37易伤4全技能58等级6核9最后敌人a矿等,1,
61614 33264,228.9,橙1等级2暴击1矿等1易伤1技能,1雷电2等级3加一4随机矿5a暴击6矿等7核8易伤9技能,1,
34213 13113,228.8,橙1攻速2易伤2全技能1伤害1等级,1最后敌人2攻速36易伤48全技能5伤害7等级9核a低血量敌人,0,
34213 13122,228.8,橙1攻速2易伤2全技能1伤害1等级,19最后敌人2攻速36易伤48全技能5伤害7等级a核,0,
61232 62331,228.8,橙2等级1挖怪1易伤1平台2矿等1策反,1雷电2a等级3挖怪4易伤5平台6核7a矿等8策反9a敌人爆炸a序列之力,2,
66624 33421,228.8,橙2雷电3伤害1暴击1矿等2攻速,19雷电2金币生成3加一49a伤害5暴击6矿等7核89攻速9序列之力,1,
34213 13116,228.7,橙1攻速2易伤2全技能1伤害1等级,1最后敌人2攻速36易伤48全技能5伤害7等级9核a双倍秒伤,0,
34213 13152,228.7,橙1攻速2易伤2全技能1伤害1等级,1最后敌人2攻速36易伤48全技能5伤害7等级9风暴减费a核,0,
61313 62623,228.6,橙橙1等级1技能,1雷电2等级3低血量敌人4双倍秒伤5技能68核7赏金塔9基地爆炸a导弹对黄,0,
61624 33245,228.6,橙1等级1伤害1暴击1矿等1易伤,1雷电2等级3加一4伤害5暴击6矿等7核8易伤9最后敌人a随机技能,1,
26523 33112,228.5,橙1攻速1时间2暴击2等级1伤害1矿等,1赏金邻近2攻速3时间49暴击56等级7核8伤害a矿等,1,
61332 54222,228.5,橙1等级2易伤1平台1攻速1技能,1雷电2等级3低血量敌人49易伤5平台6攻速7技能8核a金币生成,0,
61624 33225,228.5,橙1等级1伤害1暴击1矿等1易伤,1雷电2等级3加一4伤害5暴击6矿等7核8易伤9基地爆炸a随机技能,1,
61624 33281,228.5,橙1等级1伤害1暴击1矿等1易伤,1雷电2等级3加一4伤害5暴击6矿等7核8易伤9资源a随机技能,1,
61624 33814,228.5,橙1等级1伤害1暴击1矿等1易伤,1雷电2等级3加一4伤害5暴击6矿等7核8冰冻减费9易伤a全技能,1,
12663 23363,228.4,橙1随机技能3易伤1冰对冰球1矿等1攻速,1随机技能268易伤3资源4冰对冰球5矿等7攻速9核a基地爆炸,1,
61636 43213,228.2,橙1等级3易伤1暴击,1雷电2等级3加一489易伤5暴击6风暴减费7核a随机技能,0,
12233 61123,228.1,橙2随机技能2易伤2时间1暴击1等级,13随机技能27易伤4a时间5暴击6雷电8核9等级,0,
12623 21562,228.1,橙2随机技能3易伤1矿等1攻速,1a随机技能267易伤3资源4毒对冰5矿等8攻速9核,1,
12623 23362,228.1,橙2随机技能3易伤1矿等1攻速,1a随机技能268易伤3资源4毒对冰5矿等7攻速9核,1,
23324 42313,228.0,橙2易伤1等级1技能1矿等,1赏金邻近2雷电减费35易伤4金币生成6核7等级8技能9基地爆炸a矿等,1,
23324 42341,228.0,橙2易伤1等级1技能1矿等,1赏金邻近2雷电减费35易伤4金币生成6核7等级8技能9矿等a基地爆炸,1,
61624 33246,228.0,橙1等级1伤害2暴击1矿等1易伤,1雷电2等级3加一4伤害5a暴击6矿等7核8易伤9最后敌人,1,
66332 62211,228.0,橙3雷电2易伤1平台2矿等,189雷电2a金币生成3低血量敌人4a易伤5平台6核7a矿等a序列之力,2,
33424 33161,227.9,橙2等级1矿等2易伤,179最后敌人2狙对黄39等级4矿等5雷电6核89易伤9序列之力a基地爆炸,1,
33424 33162,227.9,橙2等级1矿等2易伤,179最后敌人2狙对黄39等级4矿等5雷电6核89易伤9序列之力a赏金邻近,1,
61313 63233,227.9,橙1等级1技能1攻速1矿等1易伤,1雷电2等级3低血量敌人4双倍秒伤5技能6核7攻速8矿等9易伤a策反,1,
61624 33226,227.9,橙1等级1伤害2暴击1矿等1易伤,1雷电2等级3加一4伤害5a暴击6矿等7核8易伤9基地爆炸,1,
61624 33284,227.9,橙1等级1伤害2暴击1矿等1易伤,1雷电2等级3加一4伤害5a暴击6矿等7核8易伤9资源,1,
33424 33143,227.8,橙1等级1矿等2易伤1暴击,17最后敌人2狙对黄3等级4矿等5雷电6核89易伤a暴击,1,
61332 54211,227.7,橙1等级2易伤1平台1攻速1技能,1雷电2等级3低血量敌人4a易伤5平台6攻速7技能8核9立即金币,0,
61636 43244,227.7,橙1等级2易伤1暴击1矿等,1雷电2等级3加一48易伤5暴击6风暴减费7核9矿等a低血量敌人,1,
61624 33481,227.6,橙2雷电1等级2伤害1暴击1矿等1攻速,19雷电2等级3加一4a伤害5暴击6矿等7核8攻速,1,
61636 43214,227.6,橙1等级3易伤2暴击,1雷电2等级3加一489易伤5a暴击6风暴减费7核,0,
61332 62351,227.5,橙1等级1易伤1平台1矿等1暴击1技能,1雷电2等级3低血量敌人4易伤5平台6核7矿等8立即金币9暴击a技能,1,
12133 55225,227.3,橙1随机技能1易伤2时间1伤害1矿等1等级,1随机技能2易伤3金币生成48时间5物品6核7伤害9矿等a等级,1,
23324 42413,227.3,橙2易伤1等级1矿等1攻速,1赏金邻近2雷电减费35易伤4金币生成6核7等级8敌人掉落9矿等a攻速,1,
61311 62612,227.2,橙橙1等级1策反1挖怪1矿等,1雷电2等级3低血量敌人4双倍秒伤5策反68核7赏金塔9挖怪a矿等,1,
26151 53312,227.1,橙1攻速2矿等2策反1暴击1时间1易伤,1赏金邻近2攻速35矿等45策反5序列之力6暴击7时间8易伤9最后敌人a核,2,
61624 33621,227.1,橙2雷电1等级3伤害1暴击1矿等,19雷电2等级3加一49a伤害5暴击6矿等7核89技能点9序列之力,1,
12163 15323,227.0,橙1随机技能1易伤1冰对冰球1矿等1时间1技能1等级,1随机技能2易伤39金币生成4冰对冰球5矿等6时间7技能8等级a核,1,
61624 33333,226.9,橙2雷电1等级1伤害1暴击2矿等,19雷电2等级3加一4伤害5暴击68矿等7核a随机技能,2,
66624 33231,226.9,橙1伤害1暴击1矿等2易伤1时间,1雷电2金币生成3加一4伤害5暴击6矿等7核8a易伤9时间,1,
61332 62622,226.7,橙1等级2易伤1平台1矿等,1雷电2等级3低血量敌人49易伤5平台6核7矿等8a金币生成,1,
61627 34132,226.6,橙1等级3伤害1平台1易伤,1雷电2等级3加一459伤害6平台7易伤8核a随机技能,0,
61627 41132,226.6,橙1等级3伤害1易伤1平台,1雷电2等级3加一459伤害6易伤7平台8核a随机技能,0,
12133 55352,226.4,橙1随机技能1易伤1时间2伤害1等级1技能,1随机技能2易伤3金币生成4时间5物品6核7a伤害8等级9技能,0,
23522 62632,226.4,橙1平台1等级1易伤1时间2矿等,1赏金邻近2雷电减费3平台4等级5易伤6时间79矿等8核a金币生成,2,
61624 33438,226.4,橙2等级1伤害1暴击1矿等1攻速1全技能,1雷电2a等级3加一4伤害5暴击6矿等7核8攻速9全技能,1,
61624 33334,226.3,橙2雷电1等级1伤害2暴击2矿等,19雷电2等级3加一4伤害5a暴击68矿等7核,2,
61614 33373,226.2,橙1等级2暴击2矿等1伤害,1雷电2等级3加一4随机矿5a暴击68矿等7核9伤害,2,
61626 34141,226.2,橙2等级1伤害1平台2易伤,1雷电25等级3加一4伤害6平台7a易伤8核9资源,0,
61626 41141,226.2,橙2等级1伤害2易伤1平台,1雷电25等级3加一4伤害6a易伤7平台8核9资源,0,
23342 42253,226.1,橙3易伤1伤害1等级,1赏金邻近2雷电减费35a易伤4随机矿5序列之力6核7赏金塔8伤害9等级,0,
61332 62234,226.1,橙2雷电1等级1易伤1平台1矿等1伤害,18雷电2等级3低血量敌人4易伤5平台6核7矿等9伤害a随机技能,1,
12133 55335,226.0,橙1随机技能1易伤1时间1伤害1等级1矿等,1随机技能2易伤3金币生成4时间5物品6核7伤害8等级9矿等a雷电,1,
61622 44624,226.0,橙1等级2伤害1时间1暴击1易伤1随机技能,1雷电2等级3加一4a伤害5时间6暴击7易伤8随机技能9核,0,
16151 63122,225.98,紫橙1随机技能1攻速1等级1易伤,1随机技能2核弹3攻速4a核5等级6低血量敌人7最后敌人8易伤9毒对黄,0,
61232 62621,225.9,橙1等级1挖怪3易伤1平台1矿等,1雷电2等级3挖怪49a易伤5平台6核7矿等8金币生成,1,
61332 62611,225.9,橙1等级2易伤1平台1矿等,1雷电2等级3低血量敌人4a易伤5平台6核7矿等8金币生成9立即金币,1,
12241 33551,225.8,3随机技能3易伤1等级2伤害2矿等,135随机技能28a易伤4等级6加一7a伤害9a矿等a序列之力,2,
61624 33216,225.8,橙1等级1伤害1暴击1矿等1易伤,1雷电2等级3加一4伤害5暴击6矿等7核8易伤9随机矿a最后敌人,1,
12133 55322,225.7,橙1随机技能1易伤1时间2伤害1等级1攻速,1随机技能2易伤3金币生成4时间5物品6核7a伤害8等级9攻速,0,
23525 12633,225.7,橙1平台1等级1攻速1易伤1矿等1技能,1赏金邻近2雷电减费3平台4等级5攻速6易伤7敌人爆炸8核9矿等a技能,1,
61624 33212,225.7,橙1等级1伤害1暴击1矿等1易伤,1雷电2等级3加一4伤害5暴击6矿等7核8易伤9随机矿a双倍秒伤,1,
61624 33213,225.7,橙1等级1伤害1暴击1矿等1易伤,1雷电2等级3加一4伤害5暴击6矿等7核8易伤9随机矿a尘,1,
61624 33217,225.7,橙1等级1伤害1暴击1矿等1易伤,1雷电2等级3加一4伤害5暴击6矿等7核8易伤9随机矿a赏金邻近,1,
61624 33218,225.7,橙1等级1伤害1暴击1矿等1易伤,1雷电2等级3加一4伤害5暴击6矿等7核8易伤9随机矿a资源,1,
61332 54223,225.6,橙1等级2易伤1平台1攻速1技能,1雷电2等级3低血量敌人49易伤5平台6攻速7技能8核a资源,0,
61624 33143,225.5,橙2雷电1等级2伤害1暴击1矿等,19雷电2等级3加一49伤害5暴击6矿等7核89敌人爆炸9序列之力a随机技能,1,
61624 33146,225.5,橙2雷电1等级2伤害1暴击1矿等,19雷电2等级3加一49伤害5暴击6矿等7核89敌人爆炸9序列之力a平台,1,
61624 33147,225.5,橙2雷电1等级2伤害1暴击1矿等,19雷电2等级3加一49伤害5暴击6矿等7核89敌人爆炸9序列之力a策反,1,
12133 21622,225.4,橙2随机技能2易伤1时间2等级1全技能,19随机技能29易伤3金币生成4时间5物品69等级7全技能8核9序列之力a低血量敌人,0,
12133 21624,225.3,橙2随机技能2易伤1时间2等级1全技能,19随机技能29易伤3金币生成4时间5物品69等级7全技能8核9序列之力a尘,0,
61232 62531,225.3,橙2雷电1等级1挖怪2易伤1平台1矿等1伤害,18雷电2等级3挖怪4a易伤5平台6核7矿等9伤害,1,
36124 11212,225.28,紫2雷电1攻速1时间2易伤2矿等1伤害,1最后敌人29雷电3核4攻速5时间69易伤7敌人爆炸89矿等9序列之力a伤害,2,
56121 13212,225.28,紫2雷电1攻速2易伤1时间2矿等1伤害,1敌人爆炸29雷电3核4攻速5低血量敌人69易伤7时间89矿等9序列之力a伤害,2,
61313 63232,225.2,橙2雷电1等级1技能1攻速1矿等1易伤,1a雷电2等级3低血量敌人4双倍秒伤5技能6核7攻速8矿等9易伤,1,
61332 62262,225.2,橙2雷电1等级2易伤1平台1矿等,18雷电2等级3低血量敌人4a易伤5平台6核7矿等9赏金塔,1,
61624 33151,225.2,橙1等级1伤害1暴击1矿等1易伤,1雷电2等级3加一4伤害5暴击6矿等7核8敌人爆炸9最后敌人a易伤,1,
61624 33171,225.2,橙1等级1伤害1暴击1矿等1易伤,1雷电2等级3加一4伤害5暴击6矿等7核8敌人爆炸9低血量敌人a易伤,1,
23364 42313,225.1,橙2易伤1等级1技能1矿等,1赏金邻近2雷电减费35易伤4资源6核7等级8技能9基地爆炸a矿等,1,
61624 33121,225.1,橙1等级1伤害1暴击1矿等1易伤,1雷电2等级3加一4伤害5暴击6矿等7核8敌人爆炸9基地爆炸a易伤,1,
61624 33811,225.1,橙1等级1伤害1暴击1矿等1易伤,1雷电2等级3加一4伤害5暴击6矿等7核8冰冻减费9易伤a敌人爆炸,1,
23342 45221,224.9,橙2易伤1矿等1时间1等级,1赏金邻近2雷电减费35易伤4a随机矿5序列之力6核7矿等8时间9等级,1,
61624 33144,224.9,橙2雷电1等级2伤害2暴击1矿等,19雷电2等级3加一49伤害5a暴击6矿等7核89敌人爆炸9序列之力,1,
26142 23234,224.8,橙2攻速2矿等1等级2伤害1挖怪,1赏金邻近27攻速37矿等4尘5等级67伤害7序列之力8基地爆炸9核a挖怪,2,
26142 23236,224.8,橙2攻速2矿等1等级2伤害1卖塔,1赏金邻近27攻速37矿等4尘5等级67伤害7序列之力8基地爆炸9核a卖塔,2,
61626 34131,224.6,橙2等级2伤害1平台1易伤,1雷电25等级3加一49伤害6平台7易伤8核a随机技能,0,
61626 41131,224.6,橙2等级2伤害1易伤1平台,1雷电25等级3加一49伤害6易伤7平台8核a随机技能,0,
61313 63231,224.5,橙1等级1技能1攻速1矿等1易伤,1雷电2等级3低血量敌人4双倍秒伤5技能6核7攻速8矿等9易伤a敌人爆炸,1,
61614 33426,224.5,橙2雷电2等级1暴击1矿等2攻速,19雷电29等级3加一4随机矿5暴击6矿等7核89攻速9序列之力a立即金币,1,
61624 33242,224.5,橙1等级1伤害1暴击1矿等1易伤,1雷电2等级3加一4伤害5暴击6矿等7核8易伤9最后敌人a金币生成,1,
61624 33272,224.5,橙1等级1伤害1暴击1矿等1易伤,1雷电2等级3加一4伤害5暴击6矿等7核8易伤9低血量敌人a金币生成,1,
23522 13631,224.4,橙1平台1等级1易伤1伤害2时间1矿等,1赏金邻近2雷电减费3平台4等级5易伤6伤害7a时间8核9矿等,1,
61624 33222,224.4,橙1等级1伤害1暴击1矿等1易伤,1雷电2等级3加一4伤害5暴击6矿等7核8易伤9基地爆炸a金币生成,1,
61624 33812,224.4,橙1等级1伤害1暴击1矿等1易伤,1雷电2等级3加一4伤害5暴击6矿等7核8冰冻减费9易伤a金币生成,1,
12234 63262,224.3,橙3随机技能2易伤2时间2伤害,137随机技能26易伤47时间57伤害7序列之力8敌人爆炸9资源a核,0,
23324 42621,224.1,橙3易伤1等级1暴击,1赏金邻近2雷电减费35a易伤4金币生成6核7等级8雷电9暴击,0,
12133 55334,223.9,橙1随机技能1易伤1时间1伤害1等级1矿等,1随机技能2易伤3金币生成4时间5物品6核7伤害8等级9矿等a敌人爆炸,1,
12222 42216,223.9,橙2随机技能3易伤1时间1等级,13随机技能267易伤4低血量敌人5时间8等级9双倍秒伤a核,0,
16323 36124,223.9,橙1随机技能2矿等1暴击1平台1伤害1易伤,1随机技能2核弹3尘46矿等5暴击7平台8核9伤害a易伤,2,
61332 62334,223.9,橙1等级1易伤1平台1矿等1伤害,1雷电2等级3低血量敌人4易伤5平台6核7矿等8立即金币9伤害a随机技能,1,
12163 23663,223.8,橙1随机技能2易伤1冰对冰球1矿等2攻速,1随机技能26易伤3金币生成4冰对冰球5矿等78攻速9核a基地爆炸,1,
61332 62623,223.8,橙1等级2易伤1平台1矿等,1雷电2等级3低血量敌人49易伤5平台6核7矿等8金币生成a冰冻减费,1,
61627 34134,223.8,橙1等级3伤害1平台1易伤,1雷电2等级3加一459伤害6平台7易伤8核a双倍矿,0,
61627 41134,223.8,橙1等级3伤害1易伤1平台,1雷电2等级3加一459伤害6易伤7平台8核a双倍矿,0,
23356 12325,223.7,橙2易伤1全技能1等级1技能1伤害,1赏金邻近2雷电减费37易伤4全技能5等级6核8基地爆炸9技能a伤害,0,
61632 11131,223.7,橙2雷电1等级2易伤1策反1平台1伤害,16雷电2等级3加一4a易伤5策反7平台8核9伤害,0,
23522 62631,223.6,橙1平台1等级1易伤1时间2矿等,1赏金邻近2雷电减费3平台4等级5易伤6时间79矿等8核a低血量敌人,2,
12233 63121,223.4,橙2随机技能1易伤1时间1暴击1等级1矿等,13随机技能2易伤4时间5暴击6雷电7冰冻减费8核9等级a矿等,1,
61624 33414,223.3,橙1等级2伤害1暴击1矿等1攻速,1雷电2等级3加一4a伤害5暴击6矿等7核8攻速9资源,1,
61624 33448,223.3,橙1等级2伤害1暴击1矿等1攻速,1雷电2等级3加一4a伤害5暴击6矿等7核8攻速9技能点,1,
12133 55336,223.2,橙1随机技能1易伤1时间1伤害1等级1矿等,1随机技能2易伤3a金币生成4时间5物品6核7伤害8等级9矿等,1,
34212 32131,223.2,橙1攻速2易伤1全技能1等级1伤害,1最后敌人2攻速3a易伤4全技能5低血量敌人6等级7基地爆炸8核9伤害,0,
34213 41346,223.2,橙1攻速2易伤1全技能1伤害1等级,17最后敌人2攻速3a易伤4全技能5伤害6加一8核9等级,0,
23522 13635,223.1,橙2平台1等级1易伤1伤害1时间1矿等,1赏金邻近2雷电减费3a平台4等级5易伤6伤害7时间8核9矿等,1,
34215 33131,223.1,橙1攻速2易伤1全技能1等级1伤害,1最后敌人2攻速3a易伤4全技能5基地爆炸6等级7尘8核9伤害,0,
61232 62431,223.1,橙1等级1挖怪2易伤1平台1矿等1伤害,1雷电2等级3挖怪4a易伤5平台6核7矿等8立即金币9伤害,1,
61622 36143,223.1,橙1等级1伤害1时间1冰对冰球1易伤1矿等,1雷电2等级3加一4伤害5时间6冰对冰球7核8易伤9核弹a矿等,1,
61632 36343,223.1,橙1等级1易伤1策反1时间1伤害1矿等,1雷电2等级3加一4易伤5策反6爆破对强壮7核8时间9伤害a矿等,1,
61232 62221,223.0,橙1等级1挖怪3易伤1平台1矿等,1雷电2等级3挖怪49a易伤5平台6核7矿等8技能点,1,
61332 62362,223.0,橙1等级2易伤1平台1矿等,1雷电2等级3低血量敌人4a易伤5平台6核7矿等8立即金币9赏金塔,1,
61624 33336,222.8,橙2雷电1等级1伤害1暴击2矿等,19雷电2等级3加一4伤害5暴击68矿等7核a金币生成,2,
12231 42631,222.7,橙2随机技能3易伤1时间2攻速,13随机技能267易伤4时间5最后敌人8核9a攻速,0,
23324 42352,222.7,橙2易伤1等级1技能1随机技能1攻速,1赏金邻近2雷电减费35易伤4金币生成6核7等级8技能9随机技能a攻速,0,
23353 12225,222.7,橙3易伤1全技能2等级,1赏金邻近2雷电减费37a易伤4全技能5技能点6核8a等级9a最后敌人a序列之力,0,
61624 33145,222.7,橙2雷电1等级2伤害1暴击1矿等,19雷电2等级3加一49伤害5暴击6矿等7核89敌人爆炸9序列之力a随机矿,1,
61624 33324,222.7,橙1等级1伤害1暴击2矿等,1雷电2等级3加一4伤害5暴击68矿等7核9低血量敌人a全技能,2,
61624 33326,222.7,橙1等级1伤害1暴击2矿等,1雷电2等级3加一4伤害5暴击68矿等7核9低血量敌人a平台,2,
61624 33327,222.7,橙1等级1伤害1暴击2矿等,1雷电2等级3加一4伤害5暴击68矿等7核9低血量敌人a策反,2,
61624 33352,222.7,橙1等级1伤害1暴击2矿等1平台,1雷电2等级3加一4伤害5暴击68矿等7核9平台a最后敌人,2,
61624 33342,222.6,橙1等级1伤害1暴击2矿等,1雷电2等级3加一4伤害5暴击68矿等7核9导弹对绿a随机技能,2,
61624 33343,222.6,橙1等级1伤害1暴击2矿等,1雷电2等级3加一4伤害5暴击68矿等7核9导弹对绿a平台,2,
61624 33345,222.6,橙1等级1伤害1暴击2矿等,1雷电2等级3加一4伤害5暴击68矿等7核9导弹对绿a策反,2,
61624 33353,222.6,橙1等级1伤害1暴击2矿等1平台,1雷电2等级3加一4伤害5暴击68矿等7核9平台a基地爆炸,2,
61624 33372,222.6,橙1等级1伤害1暴击2矿等,1雷电2等级3加一4伤害5暴击68矿等7核9赏金塔a随机技能,2,
61624 33384,222.6,橙1等级1伤害1暴击2矿等,1雷电2等级3加一4伤害5暴击68矿等7核9尘a全技能,2,
23342 42243,222.5,橙3易伤1伤害1矿等,1赏金邻近2雷电减费35a易伤4随机矿5序列之力6核7赏金塔8伤害9矿等,1,
34213 48334,222.5,橙1攻速2易伤1全技能2伤害1暴击,17最后敌人2攻速37易伤4全技能57伤害6加一7序列之力8核9暴击a基地爆炸,0,
61313 61173,222.5,橙1等级1技能2易伤1伤害,1雷电2等级3低血量敌人4双倍秒伤5技能6核7加一8a易伤9伤害,0,
61614 33262,222.5,橙1等级1暴击1矿等1易伤1技能,1雷电2等级3加一4随机矿5暴击6矿等7核8易伤9技能a双倍秒伤,1,
61614 33263,222.5,橙1等级1暴击1矿等1易伤1技能,1雷电2等级3加一4随机矿5暴击6矿等7核8易伤9技能a尘,1,
61614 33424,222.5,橙2雷电2等级1暴击1矿等2攻速,19雷电29等级3加一4随机矿5暴击6矿等7核89攻速9序列之力a最后敌人,1,
61627 34133,222.5,橙1等级3伤害1平台1易伤,1雷电2等级3加一459伤害6平台7易伤8核a金币生成,0,
61627 41133,222.5,橙1等级3伤害1易伤1平台,1雷电2等级3加一459伤害6易伤7平台8核a金币生成,0,
12133 55331,222.4,橙1随机技能1易伤1时间1伤害1等级1矿等,1随机技能2易伤3金币生成4时间5物品6核7伤害8等级9矿等a立即金币,1,
35351 22433,222.4,橙1平台2易伤1等级1矿等,1最后敌人2平台37敌人爆炸46易伤5等级8核9加一a矿等,1,
61313 62611,222.4,橙橙1等级1技能1挖怪1暴击,1雷电2等级3低血量敌人4双倍秒伤5技能68核7赏金塔9挖怪a暴击,0,
61332 61521,222.4,橙2雷电1等级3易伤1平台,17雷电2等级3低血量敌人49a易伤5平台6核8敌人爆炸,0,
61614 33425,222.4,橙2雷电2等级1暴击1矿等2攻速,19雷电29等级3加一4随机矿5暴击6矿等7核89攻速9序列之力a技能点,1,
61614 33427,222.4,橙2雷电2等级1暴击1矿等2攻速,19雷电29等级3加一4随机矿5暴击6矿等7核89攻速9序列之力a双倍秒伤,1,
12241 36733,222.3,橙3随机技能2易伤1等级1技能,135随机技能2a易伤4等级6加一7雷电8核9技能,0,
12243 13515,222.2,橙2随机技能2易伤1等级1技能,13随机技能26易伤4等级5立即金币7雷电8技能9随机矿a核,0,
23356 11234,222.1,橙2易伤1全技能1等级1随机技能1矿等,1赏金邻近2雷电减费3a易伤4全技能5等级6核7尘8随机技能9矿等,1,
61622 44621,222.1,橙2等级1伤害1时间1暴击1易伤1随机技能,1雷电2a等级3加一4伤害5时间6暴击7易伤8随机技能9核,0,
61624 33141,222.1,橙2雷电1等级2伤害1暴击1矿等3敌人爆炸,19雷电2等级3加一49伤害5暴击6矿等7核89a敌人爆炸9序列之力,1,
66624 33311,222.1,橙1伤害1暴击2矿等1易伤,1雷电2金币生成3加一4伤害5暴击68矿等7核9易伤a敌人爆炸,2,
61332 62232,222.0,橙2雷电1等级1易伤1平台1矿等1伤害,18雷电2等级3低血量敌人4易伤5平台6核7矿等9伤害a金币生成,1,
61624 33374,222.0,橙1等级1伤害2暴击2矿等,1雷电2等级3加一4伤害5a暴击68矿等7核9赏金塔,2,
61627 34114,221.9,橙2雷电1等级2伤害1平台1易伤1暴击,19雷电2等级3加一45伤害6平台7易伤8核a暴击,0,
61627 41114,221.9,橙2雷电1等级2伤害1易伤1平台1暴击,19雷电2等级3加一45伤害6易伤7平台8核a暴击,0,
56123 35321,221.68,紫2雷电1攻速1暴击2等级2易伤1伤害,1敌人爆炸29雷电3核4攻速5暴击69等级7冰冻减费89易伤9序列之力a伤害,0,
26112 23651,221.6,2攻速2矿等1等级2伤害1策反2易伤,1赏金邻近27攻速37矿等4低血量敌人5等级67伤害7序列之力8策反9a易伤,2,
61232 62325,221.6,橙1等级1挖怪2易伤1平台1矿等1策反1暴击,1雷电2等级3挖怪49易伤5平台6核7矿等8策反a暴击,1,
61624 33243,221.6,橙1等级1伤害1暴击1矿等1易伤,1雷电2等级3加一4伤害5暴击6矿等7核8易伤9最后敌人a资源,1,
61624 33247,221.6,橙1等级1伤害1暴击1矿等1易伤,1雷电2等级3加一4伤害5暴击6矿等7核8易伤9最后敌人a尘,1,
61624 33273,221.6,橙1等级1伤害1暴击1矿等1易伤,1雷电2等级3加一4伤害5暴击6矿等7核8易伤9低血量敌人a资源,1,
61624 33721,221.6,橙1等级1伤害1暴击1矿等1易伤,1雷电2等级3加一4伤害5暴击6矿等7核8最后敌人9基地爆炸a易伤,1,
31362 61131,221.58,紫2易伤1随机技能2时间1等级2矿等,1最后敌人2a低血量敌人39易伤4随机技能5核6a时间7等级8a矿等a序列之力,2,
61624 33223,221.5,橙1等级1伤害1暴击1矿等1易伤,1雷电2等级3加一4伤害5暴击6矿等7核8易伤9基地爆炸a资源,1,
61624 33227,221.5,橙1等级1伤害1暴击1矿等1易伤,1雷电2等级3加一4伤害5暴击6矿等7核8易伤9基地爆炸a尘,1,
61624 33282,221.5,橙1等级1伤害1暴击1矿等1易伤,1雷电2等级3加一4伤害5暴击6矿等7核8易伤9资源a双倍秒伤,1,
61624 33283,221.5,橙1等级1伤害1暴击1矿等1易伤,1雷电2等级3加一4伤害5暴击6矿等7核8易伤9资源a尘,1,
61624 33813,221.5,橙1等级1伤害1暴击1矿等1易伤,1雷电2等级3加一4伤害5暴击6矿等7核8冰冻减费9易伤a资源,1,
12623 21563,221.4,橙1随机技能3易伤1矿等1攻速,1随机技能267易伤3资源4毒对冰5矿等8攻速9核a基地爆炸,1,
12623 23363,221.4,橙1随机技能3易伤1矿等1攻速,1随机技能268易伤3资源4毒对冰5矿等7攻速9核a基地爆炸,1,
12623 23364,221.4,橙1随机技能3易伤1矿等1攻速,1随机技能268易伤3资源4毒对冰5矿等7攻速9核a冰对黄,1,
12623 23365,221.4,橙1随机技能3易伤1矿等1攻速,1随机技能268易伤3资源4毒对冰5矿等7攻速9核a毒减费,1,
12623 23366,221.4,橙1随机技能3易伤1矿等1攻速,1随机技能268易伤3a资源4毒对冰5矿等7攻速9核,1,
66624 33312,221.4,橙1伤害1暴击2矿等1易伤,1雷电2a金币生成3加一4伤害5暴击68矿等7核9易伤,2,
26423 41112,221.3,橙1攻速1暴击1等级2伤害1易伤,1赏金邻近2攻速3尘4暴击5等级68伤害7易伤9最后敌人a核,0,
12234 53111,221.2,橙2随机技能2易伤1时间2伤害1暴击,13随机技能28易伤4时间5a伤害6核7最后敌人9暴击,0,
12234 54111,221.2,橙2随机技能2易伤1时间2伤害1暴击,13随机技能28易伤4时间5a伤害6核7低血量敌人9暴击,0,
23356 14232,221.2,橙1易伤1全技能1等级1时间1随机技能1矿等1技能,1赏金邻近2雷电减费3易伤4全技能5等级6核7时间8随机技能9矿等a技能,1,
23364 42323,221.2,橙2易伤1等级1技能1攻速,1赏金邻近2雷电减费35易伤4资源6核7等级8技能9攻速a时间,0,
23522 61631,221.2,橙1平台1等级1易伤2时间1技能1矿等,1赏金邻近2雷电减费3平台4等级5易伤6a时间7技能8核9矿等,1,
61636 43211,221.2,橙1等级3易伤1暴击,1雷电2等级3加一489易伤5暴击6风暴减费7核a资源,0,
61636 43212,221.2,橙1等级3易伤1暴击,1雷电2等级3加一489易伤5暴击6风暴减费7核a双倍秒伤,0,
12233 61111,221.1,橙2随机技能2易伤1时间1暴击1等级,13随机技能27易伤4时间5暴击6雷电8核9双倍秒伤a等级,0,
12233 61122,221.1,橙2随机技能2易伤1时间1暴击1等级,13随机技能27易伤4时间5暴击6雷电8核9等级a尘,0,
23356 12233,221.1,橙2易伤1全技能2等级1暴击,1赏金邻近2雷电减费37易伤4全技能58等级6核9暴击a策反,0,
51316 61212,221.1,橙3易伤3攻速,17敌人爆炸2低血量敌人379易伤4敌人掉落57a攻速6核7序列之力8燃烧减费,0,
63124 11212,221.08,紫1攻速1时间2易伤2矿等1伤害,1雷电29最后敌人3核4攻速5时间69易伤7敌人爆炸89矿等9序列之力a伤害,2,
23522 12631,221.0,橙1平台1等级1易伤1伤害1矿等,1赏金邻近2雷电减费3平台4等级5易伤6伤害7敌人爆炸8核9矿等a时间,1,
23522 13633,221.0,橙1平台1等级1易伤1伤害1时间1矿等,1赏金邻近2雷电减费3平台4等级5易伤6伤害7时间8核9矿等a敌人爆炸,1,
61232 62226,221.0,橙1等级1挖怪2易伤1平台1矿等1伤害,1雷电2等级3挖怪49易伤5平台6核7矿等8技能点a伤害,1,
61333 41274,221.0,橙1等级2易伤1矿等,1雷电2等级35低血量敌人48易伤6矿等7加一9核a全技能,1,
61624 33434,221.0,橙1等级1伤害1暴击1矿等1攻速1全技能,1雷电2等级3加一4伤害5暴击6矿等7核8攻速9全技能a时间,1,
35351 23433,220.9,橙1平台2易伤1等级1矿等,1最后敌人2平台3敌人爆炸46易伤5等级7立即金币8核9加一a矿等,1,
61313 63234,220.9,橙1等级1技能1攻速1矿等1易伤,1雷电2等级3低血量敌人4双倍秒伤5技能6核7攻速8矿等9易伤a技能点,1,
61313 63235,220.9,橙1等级1技能1攻速1矿等1易伤,1雷电2等级3低血量敌人4双倍秒伤5技能6核7攻速8矿等9易伤a赏金邻近,1,
61332 62431,220.9,橙1等级1易伤1平台2矿等,1雷电2等级3低血量敌人4易伤5平台6核79矿等8敌人掉落a资源,2,
61332 62432,220.9,橙1等级1易伤1平台2矿等,1雷电2等级3低血量敌人4易伤5平台6核79矿等8敌人掉落a燃烧减费,2,
61332 62433,220.9,橙1等级1易伤1平台2矿等,1雷电2等级3低血量敌人4易伤5平台6核79矿等8敌人掉落a双倍秒伤,2,
61631 13137,220.9,橙3雷电2等级2易伤1时间,168雷电28等级3加一48易伤5随机矿7立即金币8序列之力9时间a核,0,
61632 31372,220.8,橙1等级2易伤1策反1矿等,1雷电2等级3加一4a易伤5策反6爆破对强壮7资源8核9矿等,1,
11332 55411,220.7,橙1随机技能2等级1攻速1矿等1暴击1伤害,1随机技能2尘3基地爆炸45等级6核7攻速8矿等9暴击a伤害,1,
12133 53162,220.7,橙1随机技能1易伤1时间1技能1矿等1等级,1随机技能2易伤3金币生成4时间5物品6核7敌人爆炸8技能9矿等a等级,1,
23342 45222,220.7,橙2易伤1矿等1时间1等级,1赏金邻近2雷电减费35易伤4随机矿5序列之力6核7矿等8时间9等级a双倍秒伤,1,
23342 45223,220.7,橙2易伤1矿等1时间1等级,1赏金邻近2雷电减费35易伤4随机矿5序列之力6核7矿等8时间9等级a风暴减费,1,
12224 53224,220.6,橙2随机技能3易伤1伤害1技能,13随机技能29a易伤4低血量敌人5伤害6核7最后敌人8技能,0,
23356 16331,220.5,橙2易伤1全技能1等级1伤害1暴击,1赏金邻近2雷电减费38易伤4全技能5等级6核7伤害9双倍秒伤a暴击,0,
23525 13631,220.5,橙1平台1等级1攻速1易伤2时间1矿等,1赏金邻近2雷电减费3平台4等级5攻速6易伤7a时间8核9矿等,1,
23342 45323,220.4,橙2易伤1矿等1技能1攻速,1赏金邻近2雷电减费35易伤4随机矿5序列之力6核7矿等8技能9攻速a全技能,1,
12133 55333,220.3,橙1随机技能1易伤1时间1伤害1等级1矿等,1随机技能2易伤3金币生成4时间5物品6核7伤害8等级9矿等a赏金邻近,1,
21523 31132,220.3,橙1时间1暴击1等级1矿等1易伤1攻速,1赏金邻近2资源3时间4暴击5等级6矿等7易伤8攻速9赏金塔a核,1,
23324 42632,220.3,橙2易伤1等级2技能,1赏金邻近2雷电减费35易伤4金币生成6核7等级8雷电9a技能,0,
23522 13634,220.3,橙1平台1等级1易伤1伤害1时间1矿等,1赏金邻近2雷电减费3平台4等级5易伤6伤害7时间8核9矿等a金币生成,1,
12234 55111,220.2,橙2随机技能1易伤1时间1伤害1攻速1技能1暴击,13随机技能2易伤4时间5伤害6核7攻速8技能9暴击a核弹,0,
26523 33262,220.2,橙2攻速1时间1暴击2等级1易伤,1赏金邻近2a攻速3时间4暴击56等级7核8敌人掉落9易伤,0,
61332 63521,220.2,橙1等级3易伤1平台,1雷电2等级3低血量敌人49a易伤5平台6核7立即金币8敌人爆炸,0,
23331 42343,220.1,橙1易伤1等级1技能1矿等1攻速,1赏金邻近2雷电减费3易伤4立即金币5金币生成6核7等级8技能9矿等a攻速,1,
61614 33328,219.9,橙1等级1暴击2矿等1伤害,1雷电2等级3加一4随机矿5暴击68矿等7核9低血量敌人a伤害,2,
61624 33325,219.9,橙1等级1伤害1暴击2矿等,1雷电2等级3加一4伤害5暴击68矿等7核9低血量敌人a随机矿,2,
61624 33331,219.9,橙2雷电1等级1伤害1暴击2矿等,19雷电2等级3加一4伤害5暴击68矿等7核a资源,2,
61624 33332,219.9,橙2雷电1等级1伤害1暴击2矿等,19雷电2等级3加一4伤害5暴击68矿等7核a双倍秒伤,2,
61624 33335,219.9,橙2雷电1等级1伤害1暴击2矿等,19雷电2等级3加一4伤害5暴击68矿等7核a基地爆炸,2,
61624 33337,219.9,橙2雷电1等级1伤害1暴击2矿等,19雷电2等级3加一4伤害5暴击68矿等7核a赏金塔,2,
61624 33338,219.9,橙2雷电1等级1伤害1暴击2矿等,19雷电2等级3加一4伤害5暴击68矿等7核a赏金邻近,2,
61624 33341,219.9,橙2雷电1等级1伤害1暴击2矿等,1a雷电2等级3加一4伤害5暴击68矿等7核9导弹对绿,2,
23356 12236,219.8,橙2易伤1全技能2等级1暴击,1赏金邻近2雷电减费37易伤4全技能58等级6核9暴击a雷电,0,
23356 13433,219.8,橙1易伤1全技能1等级2攻速1矿等,1赏金邻近2雷电减费3易伤4全技能5等级6核78攻速9双倍秒伤a矿等,1,
61332 62332,219.8,橙1等级1易伤1平台1矿等1伤害,1雷电2等级3低血量敌人4易伤5平台6核7矿等8立即金币9伤害a金币生成,1,
61614 33372,219.8,橙1等级1暴击2矿等1伤害,1雷电2等级3加一4随机矿5暴击68矿等7核9伤害a燃烧减费,2,
61614 33374,219.8,橙1等级1暴击2矿等1伤害,1雷电2等级3加一4随机矿5暴击68矿等7核9伤害a基地爆炸,2,
61326 31131,219.7,橙1等级3伤害1平台1易伤,1雷电2等级3低血量敌人459伤害6加一7平台8核a易伤,0,
61627 31131,219.7,橙1等级3伤害1平台1易伤,1雷电2等级3加一459伤害6平台7最后敌人8核a易伤,0,
61627 32131,219.7,橙1等级3伤害1平台1易伤,1雷电2等级3加一459伤害6平台7低血量敌人8核a易伤,0,
34212 12131,219.6,橙1攻速2易伤1全技能1矿等1伤害,1最后敌人2攻速3a易伤4全技能5低血量敌人6矿等7基地爆炸8核9伤害,1,
61627 34144,219.6,橙1等级3伤害1平台1易伤,1雷电2等级3加一45a伤害6平台7易伤8核9资源,0,
61627 41144,219.6,橙1等级3伤害1易伤1平台,1雷电2等级3加一45a伤害6易伤7平台8核9资源,0,
32113 61452,219.5,橙1随机技能2矿等1易伤1攻速1伤害,1最后敌人2赏金塔3随机技能45矿等6易伤7资源8核9攻速a伤害,2,
12163 21632,219.4,2随机技能5易伤1冰对冰球3矿等,19随机技能26789易伤3金币生成4冰对冰球59a矿等9序列之力,3,
12614 53221,219.4,橙1随机技能2易伤2伤害1技能,1随机技能2a易伤3资源4金币生成5a伤害6核7最后敌人8技能9a敌人爆炸a序列之力,0,
23122 25663,219.4,橙1技能1策反1等级1攻速1伤害1易伤,1赏金邻近2雷电减费3技能4策反5等级6攻速7雷电8核9伤害a易伤,0,
23324 42223,219.4,橙2易伤1等级1时间1矿等,1赏金邻近2雷电减费35易伤4金币生成6核7等级8时间9技能点a矿等,1,
23364 42233,219.4,橙2易伤1等级1时间1矿等,1赏金邻近2雷电减费35易伤4资源6核7等级8时间9金币生成a矿等,1,
66624 33423,219.4,橙2雷电2伤害2暴击1矿等2攻速,19雷电2金币生成3加一49伤害5a暴击6矿等7核89攻速9序列之力,1,
12241 41482,219.3,橙3随机技能1易伤1等级1暴击1矿等,135随机技能2易伤4等级6暴击7加一8矿等9敌人爆炸a核,1,
23324 42325,219.3,橙2易伤1等级1技能1攻速,1赏金邻近2雷电减费35易伤4金币生成6核7等级8技能9攻速a敌人爆炸,0,
23356 12135,219.3,橙2易伤1全技能1等级1时间1伤害,1赏金邻近2雷电减费37易伤4全技能5等级6核8时间9随机矿a伤害,0,
61311 63236,219.3,橙1等级1策反1攻速1矿等1易伤,1雷电2等级3低血量敌人4双倍秒伤5策反6核7攻速8矿等9易伤a时间,1,
61624 33321,219.3,橙1等级1伤害1暴击2矿等,1雷电2等级3加一4伤害5暴击68矿等7核9低血量敌人a敌人爆炸,2,
12253 53623,219.2,橙3随机技能2易伤2等级,139随机技能2a易伤49资源5低血量敌人6核7雷电89等级9序列之力,0,
61332 62236,219.2,橙2雷电1等级1易伤1平台1矿等1伤害,18雷电2等级3低血量敌人4易伤5平台6核7矿等9伤害a最后敌人,1,
61362 62231,219.2,橙2雷电1等级1平台1矿等1伤害1易伤,18雷电2等级3低血量敌人4最后敌人5平台6核7矿等9伤害a易伤,1,
61624 33381,219.2,橙1等级1伤害1暴击2矿等,1雷电2等级3加一4伤害5暴击68矿等7核9尘a敌人爆炸,2,
61636 43232,219.2,橙1等级2易伤1暴击1伤害,1雷电2等级3加一48易伤5暴击6风暴减费7核9伤害a赏金邻近,0,
61636 43233,219.2,橙1等级2易伤1暴击1伤害,1雷电2等级3加一48易伤5暴击6风暴减费7核9伤害a物品,0,
12241 36721,219.1,橙3随机技能2易伤1等级1暴击,135随机技能2a易伤4等级6加一7雷电8核9暴击,0,
61332 62233,219.1,橙2雷电1等级1易伤1平台1矿等1伤害,18雷电2等级3低血量敌人4易伤5平台6核7矿等9伤害a资源,1,
12241 31551,218.9,3随机技能3易伤1等级2攻速2矿等,135随机技能28a易伤4等级6加一7a攻速9a矿等a序列之力,2,
61313 63125,218.7,橙1等级1技能1攻速2易伤,1雷电2等级3低血量敌人4双倍秒伤5技能6核7攻速8最后敌人9a易伤,0,
12135 42411,218.6,橙1随机技能2易伤1时间1暴击1等级1平台,1随机技能2a易伤3金币生成4时间5暴击6等级7基地爆炸8核9平台,0,
12135 43411,218.6,橙1随机技能2易伤1时间1暴击1等级1平台,1随机技能2a易伤3金币生成4时间5暴击6等级7尘8核9平台,0,
23324 42322,218.6,橙2易伤1等级1技能1攻速,1赏金邻近2雷电减费35易伤4a金币生成6核7等级8技能9攻速,0,
61311 62623,218.6,橙橙1等级1策反,1雷电2等级3低血量敌人4双倍秒伤5策反68核7赏金塔9基地爆炸a导弹对黄,0,
61313 63323,218.6,橙1等级1技能1攻速2易伤,1雷电2等级3低血量敌人4双倍秒伤5技能6核7攻速8加一9a易伤,0,
61624 33322,218.6,橙1等级1伤害1暴击2矿等,1雷电2等级3加一4伤害5暴击68矿等7核9低血量敌人a金币生成,2,
66624 33241,218.6,橙1伤害1暴击1矿等2易伤,1雷电2金币生成3加一4伤害5暴击6矿等7核8a易伤9最后敌人,1,
66624 33323,218.6,橙1伤害1暴击2矿等1易伤,1雷电2金币生成3加一4伤害5暴击68矿等7核9低血量敌人a易伤,2,
61624 33142,218.5,橙2雷电1等级2伤害1暴击1矿等,19雷电2等级3加一49伤害5暴击6矿等7核89敌人爆炸9序列之力a双倍秒伤,1,
61624 33382,218.5,橙1等级1伤害1暴击2矿等,1雷电2等级3加一4伤害5暴击68矿等7核9尘a金币生成,2,
61624 33744,218.5,橙2雷电1等级2伤害1暴击1矿等,19雷电2等级3加一49伤害5暴击6矿等7核89最后敌人9序列之力a全技能,1,
66624 33221,218.5,橙1伤害1暴击1矿等2易伤,1雷电2金币生成3加一4伤害5暴击6矿等7核8a易伤9基地爆炸,1,
66624 33314,218.5,橙1伤害1暴击2矿等1易伤,1雷电2金币生成3加一4伤害5暴击68矿等7核9易伤a资源,2,
51316 61133,218.4,橙3敌人爆炸3易伤2攻速1策反,17a敌人爆炸2低血量敌人37a易伤4敌人掉落57攻速6核7a序列之力8策反9a基地爆炸,0,
23522 12635,218.3,橙2平台1等级1易伤1伤害1矿等,1赏金邻近2雷电减费3a平台4等级5易伤6伤害7敌人爆炸8核9矿等,1,
31316 61512,218.3,橙3易伤3攻速,17最后敌人2低血量敌人379易伤4敌人掉落57a攻速6核7序列之力8双倍矿,0,
34213 54331,218.2,橙1攻速1易伤1全技能1伤害1策反1暴击1矿等,1最后敌人2攻速3易伤4全技能5伤害6策反7随机矿8核9暴击a矿等,1,
56122 16322,218.08,紫3敌人爆炸2雷电1攻速1时间2易伤1矿等1等级,178敌人爆炸27雷电3核4攻速5时间67易伤7序列之力9矿等a等级,1,
23324 42412,218.0,橙2易伤1等级1矿等,1赏金邻近2雷电减费35易伤4金币生成6核7等级8敌人掉落9矿等a全技能,1,
34213 48312,218.0,橙1攻速2易伤1全技能2伤害,17最后敌人2攻速37易伤4全技能57伤害6加一7序列之力8核9敌人爆炸a雷电,0,
61626 34114,218.0,橙2雷电2等级1伤害1平台1易伤1暴击,19雷电25等级3加一4伤害6平台7易伤8核a暴击,0,
61626 41114,218.0,橙2雷电2等级1伤害1易伤1平台1暴击,19雷电25等级3加一4伤害6易伤7平台8核a暴击,0,
34213 55231,217.9,橙1攻速1易伤1全技能2伤害1策反1矿等,1最后敌人2攻速3易伤4全技能59伤害6策反7敌人掉落8核a矿等,1,
61332 62141,217.9,橙1等级1易伤1平台2矿等1挖怪1技能,1雷电2等级3低血量敌人4易伤5平台6核79矿等8挖怪a技能,2,
23522 61633,217.8,橙1平台1等级1易伤1时间1技能1矿等,1赏金邻近2雷电减费3平台4等级5易伤6时间7技能8核9矿等a敌人爆炸,1,
61624 33623,217.7,橙2雷电1等级2伤害2暴击1矿等,19雷电2等级3加一49伤害5a暴击6矿等7核89技能点9序列之力,1,
35351 22411,217.6,橙1平台3敌人爆炸2易伤1等级1伤害,1最后敌人2平台37a敌人爆炸46易伤5等级8核9伤害,0,
61626 34132,217.6,橙2等级2伤害1平台1易伤,1雷电25等级3加一49伤害6平台7易伤8核a双倍秒伤,0,
61626 34133,217.6,橙2等级2伤害1平台1易伤,1雷电25等级3加一49伤害6平台7易伤8核a尘,0,
61626 34144,217.6,橙2等级2伤害1平台1易伤,1雷电25等级3加一4a伤害6平台7易伤8核9资源,0,
61626 41132,217.6,橙2等级2伤害1易伤1平台,1雷电25等级3加一49伤害6易伤7平台8核a双倍秒伤,0,
61626 41133,217.6,橙2等级2伤害1易伤1平台,1雷电25等级3加一49伤害6易伤7平台8核a尘,0,
61626 41144,217.6,橙2等级2伤害1易伤1平台,1雷电25等级3加一4a伤害6易伤7平台8核9资源,0,
61627 34124,217.6,橙1等级2伤害1平台1易伤1暴击,1雷电2等级3加一45伤害6平台7易伤8核9冰冻减费a暴击,0,
61627 41124,217.6,橙1等级2伤害1易伤1平台1暴击,1雷电2等级3加一45伤害6易伤7平台8核9冰冻减费a暴击,0,
61614 36242,217.5,橙1等级1暴击1矿等1随机技能1技能1伤害,1雷电2等级3加一4随机矿5暴击6矿等7随机技能8核9技能a伤害,1,
12234 52412,217.4,橙2随机技能1易伤1时间2伤害1等级,13随机技能2易伤4时间5a伤害6核7随机矿8基础对冰9等级,0,
65332 62231,217.4,橙2雷电2易伤1平台1矿等1伤害,18雷电2随机矿3低血量敌人4a易伤5平台6核7矿等9伤害,1,
23522 12643,217.3,橙1平台1等级1易伤1伤害1攻速1技能,1赏金邻近2雷电减费3平台4等级5易伤6伤害7敌人爆炸8核9攻速a技能,0,
63121 16511,217.28,紫2雷电2攻速2易伤2技能1等级,17雷电2最后敌人3核47攻速5挖道具67易伤7序列之力8a技能9等级,0,
23356 12151,217.2,橙3易伤1全技能1等级1时间,1赏金邻近2雷电减费37a易伤4全技能5等级6核8时间9低血量敌人,0,
12133 51162,217.1,橙1随机技能1易伤1时间1技能1矿等1等级,1随机技能2易伤3金币生成4时间5物品6核7尘8技能9矿等a等级,1,
12133 56162,217.1,橙1随机技能1易伤1时间1技能1矿等1等级,1随机技能2易伤3金币生成4时间5物品6核7基地爆炸8技能9矿等a等级,1,
23356 12111,217.1,橙3易伤1全技能1等级1时间,1赏金邻近2雷电减费37a易伤4全技能5等级6核8时间9基地爆炸,0,
23525 12631,217.1,橙1平台1等级1攻速1易伤1矿等,1赏金邻近2雷电减费3平台4等级5攻速6易伤7敌人爆炸8核9矿等a时间,1,
23525 13633,217.1,橙1平台1等级1攻速1易伤1时间1矿等,1赏金邻近2雷电减费3平台4等级5攻速6易伤7时间8核9矿等a敌人爆炸,1,
61332 62336,217.0,橙1等级1易伤1平台1矿等1伤害,1雷电2等级3低血量敌人4易伤5平台6核7矿等8立即金币9伤害a最后敌人,1,
61362 62331,217.0,橙1等级1平台1矿等1伤害1易伤,1雷电2等级3低血量敌人4最后敌人5平台6核7矿等8立即金币9伤害a易伤,1,
26523 33115,216.9,橙1攻速1时间2暴击2等级1伤害1技能,1赏金邻近2攻速3时间49暴击56等级7核8伤害a技能,0,
61332 62333,216.9,橙1等级1易伤1平台1矿等1伤害,1雷电2等级3低血量敌人4易伤5平台6核7矿等8立即金币9伤害a资源,1,
61624 33161,216.9,橙1等级1伤害1暴击1矿等1技能,1雷电2等级3加一4伤害5暴击6矿等7核8敌人爆炸9技能a随机技能,1,
61624 33432,216.9,橙2雷电1等级1伤害1暴击1矿等1攻速1全技能,1a雷电2等级3加一4伤害5暴击6矿等7核8攻速9全技能,1,
61332 61332,216.8,橙2雷电1等级2易伤1平台1伤害,17雷电2等级3低血量敌人4a易伤5平台6核8赏金塔9伤害,0,
61332 61431,216.8,橙2雷电1等级2易伤1平台1伤害,17雷电2等级3低血量敌人4a易伤5平台6核8资源9伤害,0,
61614 33224,216.8,橙2雷电1等级1暴击1矿等1易伤,19雷电2等级3加一4随机矿5暴击6矿等7核8易伤a全技能,1,
61614 33226,216.8,橙2雷电1等级1暴击1矿等1易伤,19雷电2等级3加一4随机矿5暴击6矿等7核8易伤a平台,1,
61614 33227,216.8,橙2雷电1等级1暴击1矿等1易伤,19雷电2等级3加一4随机矿5暴击6矿等7核8易伤a策反,1,
61624 33474,216.8,橙1等级1伤害1暴击1矿等1攻速,1雷电2等级3加一4伤害5暴击6矿等7核8攻速9随机矿a全技能,1,
12231 42623,216.7,橙2随机技能4易伤1时间,13随机技能2679易伤4时间5最后敌人8核a雷电,0,
12614 53133,216.7,橙1随机技能2易伤1伤害1等级,1随机技能28易伤3资源4金币生成5伤害6核7最后敌人9等级a平台,0,
23324 42122,216.7,橙2易伤1等级1矿等,1赏金邻近2雷电减费35易伤4金币生成6核7等级8双倍秒伤9雷电a矿等,1,
61614 33214,216.7,橙1等级1暴击1矿等1易伤,1雷电2等级3加一49随机矿5暴击6矿等7核8易伤a全技能,1,
61614 33216,216.7,橙1等级1暴击1矿等1易伤,1雷电2等级3加一49随机矿5暴击6矿等7核8易伤a平台,1,
61614 33217,216.7,橙1等级1暴击1矿等1易伤,1雷电2等级3加一49随机矿5暴击6矿等7核8易伤a策反,1,
23342 41521,216.6,橙2易伤1矿等1等级,1赏金邻近2雷电减费35易伤4a随机矿5序列之力6核7低血量敌人8矿等9等级,1,
23356 12631,216.6,橙2易伤1全技能1等级1攻速1暴击,1赏金邻近2雷电减费37易伤4全技能5等级6核8攻速9双倍秒伤a暴击,0,
23356 13331,216.6,橙2易伤1全技能1等级1攻速1暴击,1赏金邻近2雷电减费38易伤4全技能5等级6核7攻速9双倍秒伤a暴击,0,
31313 55335,216.6,橙2易伤1暴击1伤害1等级,1最后敌人2低血量敌人38易伤4敌人掉落5暴击6核7金币生成9伤害a等级,0,
33453 42122,216.6,橙2等级1暴击1易伤1策反1矿等,14最后敌人2狙对黄3a等级5暴击6核7易伤8策反9矿等,1,
12663 21632,216.5,2随机技能5易伤1冰对冰球3矿等,19随机技能26789易伤3资源4冰对冰球59a矿等9序列之力,3,
23364 42223,216.5,橙2易伤1等级1时间1矿等,1赏金邻近2雷电减费35易伤4资源6核7等级8时间9技能点a矿等,1,
61311 63233,216.5,橙1等级2策反1攻速1矿等1易伤,1雷电2等级3低血量敌人4双倍秒伤5a策反6核7攻速8矿等9易伤,1,
12133 55362,216.4,橙1随机技能1易伤1时间2伤害1等级1全技能,1随机技能2易伤3金币生成4时间5物品6核7a伤害8等级9全技能,0,
12224 56111,216.4,橙2随机技能2易伤2伤害1暴击,13随机技能28易伤4低血量敌人5a伤害6核7敌人爆炸9暴击,0,
14141 52321,216.4,橙1随机技能1攻速1等级1易伤1矿等,1随机技能2金币生成3攻速4等级5尘6核78随机矿9易伤a矿等,1,
23342 45322,216.3,橙2易伤1矿等1技能1攻速,1赏金邻近2雷电减费35易伤4随机矿5序列之力6核7矿等8技能9攻速a金币生成,1,
61624 22823,216.3,橙1等级1伤害1暴击1全技能1攻速1易伤,1雷电2等级3加一4伤害5暴击6全技能7攻速8易伤9低血量敌人a核,0,
61624 33164,216.3,橙1等级1伤害2暴击1矿等1技能,1雷电2等级3加一4伤害5a暴击6矿等7核8敌人爆炸9技能,1,
61624 33483,216.3,橙2雷电1等级1伤害2暴击1矿等1攻速,19雷电2等级3加一4伤害5a暴击6矿等7核8攻速,1,
23522 12636,216.2,橙1平台1等级1易伤1伤害1矿等,1赏金邻近2雷电减费3平台4等级5易伤6伤害7a敌人爆炸8核9矿等,1,
31316 61134,216.2,橙3易伤2攻速1策反1时间,17最后敌人2低血量敌人37a易伤4敌人掉落57攻速6核7序列之力8策反9时间,0,
12224 55112,216.1,橙2随机技能2易伤2伤害1技能,13随机技能27易伤49低血量敌人5a伤害6核8技能,0,
35351 23411,216.1,橙1平台2易伤1等级1伤害,1最后敌人2平台3a敌人爆炸46易伤5等级7立即金币8核9伤害,0,
61313 61148,216.1,橙2等级1技能2易伤,1雷电29等级3低血量敌人4双倍秒伤5技能6核7加一8a易伤,0,
61631 13117,216.1,橙3雷电2等级2易伤,168雷电28等级3加一48易伤5随机矿7立即金币8序列之力9敌人爆炸a核,0,
66332 62231,216.1,橙2雷电2易伤1平台1矿等1伤害,18雷电2金币生成3低血量敌人4a易伤5平台6核7矿等9伤害,1,
12234 52111,216.0,橙2随机技能1易伤1时间2伤害1技能1暴击,13随机技能2易伤4时间5a伤害6核7随机矿8技能9暴击,0,
23353 16521,216.0,橙1易伤1全技能1伤害1矿等1冰对冰球1等级,1赏金邻近2雷电减费3易伤4全技能5技能点6核7伤害8矿等9冰对冰球a等级,1,
31313 52535,216.0,橙1易伤1暴击1矿等1伤害1等级,1最后敌人2低血量敌人3易伤4敌人掉落5暴击6核7风暴减费8矿等9伤害a等级,1,
32114 61411,216.0,橙2随机技能2矿等2易伤,1最后敌人2赏金塔35随机技能45矿等5序列之力6a易伤79资源8核,2,
31342 42224,215.9,橙4易伤1技能1随机技能,1最后敌人2低血量敌人389a易伤4金币生成5技能6核7随机技能,0,
34213 48314,215.9,橙1攻速2易伤1全技能2伤害,17最后敌人2攻速37易伤4全技能57伤害6加一7序列之力8核9a敌人爆炸,0,
61332 62241,215.9,橙2雷电1等级1易伤1平台1矿等1技能,18雷电2等级3低血量敌人4易伤5平台6核7矿等9基地爆炸a技能,1,
11336 55111,215.8,橙2随机技能2等级1攻速1技能1暴击1伤害,15随机技能2尘3基地爆炸45等级5序列之力6核7攻速8技能9暴击a伤害,0,
21334 45332,215.8,橙2技能1暴击1伤害1易伤1矿等,1赏金邻近2资源3毒减费45技能6核7暴击8伤害9易伤a矿等,1,
12234 52322,215.7,橙2随机技能2易伤1时间2伤害,13随机技能29易伤4时间5a伤害6核78随机矿,0,
23324 42321,215.7,橙2易伤1等级1技能1攻速,1赏金邻近2雷电减费35易伤4金币生成6核7等级8技能9攻速a基地爆炸,0,
23356 12251,215.7,橙2易伤1全技能2等级1策反,1赏金邻近2雷电减费37易伤4全技能58等级6核9策反a时间,0,
23364 42322,215.7,橙2易伤1等级1技能1攻速,1赏金邻近2雷电减费35易伤4资源6核7等级8技能9攻速a金币生成,0,
34213 48321,215.7,橙1攻速2易伤1全技能2伤害,17最后敌人2攻速37易伤4全技能57伤害6加一7序列之力8核9技能点a平台,0,
61624 33323,215.7,橙1等级1伤害1暴击2矿等,1雷电2等级3加一4伤害5暴击68矿等7核9低血量敌人a资源,2,
61624 33371,215.7,橙1等级1伤害1暴击2矿等,1雷电2等级3加一4伤害5暴击68矿等7核9赏金塔a最后敌人,2,
31316 61236,215.6,橙2易伤2攻速1时间1矿等,17最后敌人2低血量敌人37易伤4敌人掉落57攻速6核7序列之力8燃烧减费9时间a矿等,1,
61624 33344,215.6,橙1等级1伤害1暴击2矿等,1雷电2等级3加一4伤害5暴击68矿等7核9导弹对绿a基地爆炸,2,
61624 33347,215.6,橙1等级1伤害1暴击2矿等,1雷电2等级3加一4伤害5暴击68矿等7核9导弹对绿a火球减费,2,
61624 33373,215.6,橙1等级1伤害1暴击2矿等,1雷电2等级3加一4伤害5暴击68矿等7核9赏金塔a冰冻减费,2,
61624 33383,215.6,橙1等级1伤害1暴击2矿等,1雷电2等级3加一4伤害5暴击68矿等7核9尘a资源,2,
23356 13343,215.5,橙2易伤1全技能1等级1攻速,1赏金邻近2雷电减费38易伤4全技能5等级6核7攻速9雷电a平台,0,
23522 12634,215.5,橙1平台1等级1易伤1伤害1矿等,1赏金邻近2雷电减费3平台4等级5易伤6伤害7敌人爆炸8核9矿等a金币生成,1,
61624 33437,215.5,橙1等级1伤害1暴击1矿等1攻速1全技能,1雷电2等级3加一4伤害5暴击6矿等7核8攻速9全技能a金币生成,1,
12224 53161,215.4,橙2随机技能2易伤2伤害1攻速,13随机技能28易伤4低血量敌人59伤害6核7最后敌人a攻速,0,
23324 41521,215.3,橙2易伤1矿等1等级,1赏金邻近2雷电减费35易伤4金币生成6核7低血量敌人8矿等9等级a随机矿,1,
23356 16321,215.2,橙2易伤1全技能1等级1伤害,1赏金邻近2雷电减费38易伤4全技能5等级6核7伤害9最后敌人a时间,0,
32113 61414,215.2,橙1随机技能2矿等1易伤1等级,1最后敌人2赏金塔3随机技能45矿等6易伤79资源8核a等级,2,
34213 48311,215.2,橙1攻速2易伤1全技能2伤害,17最后敌人2攻速37易伤4全技能57伤害6加一7序列之力8核9敌人爆炸a金币生成,0,
61311 63232,215.2,橙2雷电1等级1策反1攻速1矿等1易伤,1a雷电2等级3低血量敌人4双倍秒伤5策反6核7攻速8矿等9易伤,1,
65332 62331,215.2,橙2易伤1平台1矿等1伤害,1雷电2随机矿3低血量敌人4a易伤5平台6核7矿等8立即金币9伤害,1,
23356 11124,215.1,橙2易伤1全技能1等级1矿等,1赏金邻近2雷电减费3a易伤4全技能5等级6核7尘8矿等9赏金塔,1,
61624 33741,215.1,橙2雷电1等级2伤害1暴击1矿等,19雷电2等级3加一49伤害5暴击6矿等7核89最后敌人9序列之力a敌人爆炸,1,
61627 34111,215.1,橙2雷电1等级2伤害1平台1易伤,19雷电2等级3加一45伤害6平台7易伤8核a随机技能,0,
61627 41111,215.1,橙2雷电1等级2伤害1易伤1平台,19雷电2等级3加一45伤害6易伤7平台8核a随机技能,0,
12135 62411,215.0,橙1随机技能2易伤1时间1暴击1矿等1平台,1随机技能2a易伤3金币生成4时间5暴击6矿等7基地爆炸8核9平台,1,
12135 63411,215.0,橙1随机技能2易伤1时间1暴击1矿等1平台,1随机技能2a易伤3金币生成4时间5暴击6矿等7尘8核9平台,1,
12231 42633,215.0,橙2随机技能3易伤1时间1攻速,13随机技能267易伤4时间5最后敌人8核9攻速a全技能,0,
61614 33364,215.0,橙1等级1暴击2矿等1时间,1雷电2等级3加一4随机矿5暴击68矿等7核9时间a全技能,2,
61232 62324,214.8,橙1等级1挖怪2易伤1平台1矿等1策反,1雷电2等级3挖怪49易伤5平台6核7矿等8策反a随机技能,1,
61332 62412,214.8,橙1等级1易伤1平台1矿等1伤害,1雷电2等级3低血量敌人4易伤5平台6核7矿等8敌人掉落9资源a伤害,1,
12224 53235,214.7,橙2随机技能2易伤1伤害1技能1攻速,13随机技能2a易伤4低血量敌人5伤害6核7最后敌人8技能9攻速,0,
23324 41522,214.7,橙2易伤1矿等1等级,1赏金邻近2雷电减费35易伤4金币生成6核7低血量敌人8矿等9等级a敌人爆炸,1,
31316 61214,214.6,橙3易伤2攻速1暴击,17最后敌人2低血量敌人379易伤4敌人掉落57攻速6核7序列之力8燃烧减费a暴击,0,
35351 22421,214.6,橙1平台2易伤1等级1随机技能1暴击,1最后敌人2平台37敌人爆炸46易伤5等级8核9随机技能a暴击,0,
61311 63231,214.5,橙1等级1策反1攻速1矿等1易伤,1雷电2等级3低血量敌人4双倍秒伤5策反6核7攻速8矿等9易伤a敌人爆炸,1,
34213 48322,214.4,橙1攻速2易伤1全技能2伤害,17最后敌人2攻速37易伤4全技能57伤害6加一7序列之力8核9技能点a雷电,0,
61624 33742,214.4,橙2雷电1等级2伤害1暴击1矿等,19雷电2等级3加一49伤害5暴击6矿等7核89最后敌人9序列之力a金币生成,1,
12234 55122,214.3,橙2随机技能1易伤1时间2伤害1攻速1技能,13随机技能2易伤4时间5a伤害6核7攻速8技能9赏金邻近,0,
12234 55132,214.3,橙2随机技能1易伤1时间2伤害1攻速1技能,13随机技能2易伤4时间5a伤害6核7攻速8技能9赏金塔,0,
23356 12253,214.3,橙2易伤1全技能2等级1策反,1赏金邻近2雷电减费37易伤4全技能58等级6核9策反a随机技能,0,
23356 12235,214.2,橙2易伤1全技能2等级1暴击,1赏金邻近2雷电减费37易伤4全技能58等级6核9暴击a最后敌人,0,
12133 21656,214.1,橙1随机技能1易伤2时间1等级1全技能1矿等,1随机技能2易伤3金币生成49时间5物品6等级7全技能8核a矿等,1,
12616 51111,214.1,橙1随机技能1易伤1等级1技能1暴击1伤害,1随机技能2易伤3资源4金币生成5等级6核7核弹8技能9暴击a伤害,0,
23356 12231,214.1,橙2易伤1全技能2等级1暴击,1赏金邻近2雷电减费37易伤4全技能58等级6核9暴击a尘,0,
23356 12232,214.1,橙2易伤1全技能2等级1暴击,1赏金邻近2雷电减费37易伤4全技能58等级6核9暴击a资源,0,
31316 61212,214.1,橙3易伤3攻速,17最后敌人2低血量敌人379易伤4敌人掉落57a攻速6核7序列之力8燃烧减费,0,
33424 31163,214.1,橙1等级2矿等1挖怪1易伤1伤害,1最后敌人2狙对黄3等级4a矿等5雷电6核7挖怪8易伤9伤害,2,
35351 22412,214.1,橙1平台2易伤1等级1伤害,1最后敌人2平台37敌人爆炸46易伤5等级8核9伤害a低血量敌人,0,
61333 41272,214.1,橙1等级2易伤1矿等,1雷电2等级35a低血量敌人48易伤6矿等7加一9核,1,
11336 63114,214.0,橙2随机技能2等级1易伤1攻速1技能,15随机技能2尘3基地爆炸45等级5序列之力6易伤7敌人掉落8核9攻速a技能,0,
33424 33134,214.0,橙1等级2矿等1易伤,17最后敌人2狙对黄3等级4a矿等5雷电6核8易伤9敌人掉落,2,
33424 33141,214.0,橙1等级1矿等2易伤,17最后敌人2狙对黄3等级4矿等5雷电6核89易伤a挖道具,1,
33424 33142,214.0,橙1等级1矿等2易伤,17最后敌人2狙对黄3等级4矿等5雷电6核89易伤a雷电减费,1,
35351 22413,214.0,橙1平台2易伤1等级1伤害,1最后敌人2平台37敌人爆炸46易伤5等级8核9伤害a激光对冰,0,
61614 33234,214.0,橙1等级1暴击1矿等1易伤,1雷电2等级3加一4随机矿5暴击6矿等7核8易伤9低血量敌人a时间,1,
61614 33254,214.0,橙1等级1暴击1矿等1易伤,1雷电2等级3加一4随机矿5暴击6矿等7核8易伤9最后敌人a时间,1,
61614 33471,214.0,橙1等级1暴击1矿等1攻速1伤害,1雷电2等级3加一49随机矿5暴击6矿等7核8攻速a伤害,1,
61614 33531,214.0,橙1等级1暴击1矿等1时间1易伤,1雷电2等级3加一4随机矿5暴击6矿等7核8时间9最后敌人a易伤,1,
66332 62331,213.9,橙2易伤1平台1矿等1伤害,1雷电2金币生成3低血量敌人4a易伤5平台6核7矿等8立即金币9伤害,1,
12133 21636,213.8,橙2随机技能1易伤1时间1等级1全技能1矿等,19随机技能2易伤3金币生成4时间5物品6等级7全技能8核a矿等,1,
23364 42122,213.8,橙2易伤1等级1矿等,1赏金邻近2雷电减费35易伤4资源6核7等级8双倍秒伤9雷电a矿等,1,
12133 55325,213.7,橙1随机技能1易伤1时间1伤害1等级1攻速,1随机技能2易伤3金币生成4时间5物品6核7伤害8等级9攻速a雷电,0,
12234 54223,213.7,橙2随机技能2易伤1时间1伤害1技能,13随机技能29易伤4时间5伤害6核7低血量敌人8技能a平台,0,
61332 62341,213.7,橙1等级1易伤1平台1矿等1技能,1雷电2等级3低血量敌人4易伤5平台6核7矿等8立即金币9基地爆炸a技能,1,
61626 34124,213.7,橙2等级1伤害1平台1易伤1暴击,1雷电25等级3加一4伤害6平台7易伤8核9冰冻减费a暴击,0,
61626 41124,213.7,橙2等级1伤害1易伤1平台1暴击,1雷电25等级3加一4伤害6易伤7平台8核9冰冻减费a暴击,0,
23356 13513,213.6,橙1易伤1全技能1等级1攻速1时间1矿等,1赏金邻近2雷电减费3易伤4全技能5等级6核7攻速8低血量敌人9时间a矿等,1,
11332 63132,213.4,橙3随机技能2等级2易伤,19a随机技能2a尘3基地爆炸45等级6a易伤7敌人掉落8核a序列之力,0,
23324 42423,213.4,橙2易伤1等级2攻速,1赏金邻近2雷电减费35易伤4金币生成6核7等级8敌人掉落9a攻速,0,
23342 45321,213.4,橙2易伤1矿等1技能1攻速,1赏金邻近2雷电减费35易伤4随机矿5序列之力6核7矿等8技能9攻速a基地爆炸,1,
61614 33221,213.4,橙2雷电1等级1暴击1矿等1易伤,19雷电2等级3加一4随机矿5暴击6矿等7核8易伤a敌人爆炸,1,
61624 33471,213.4,橙1等级1伤害1暴击1矿等1攻速,1雷电2等级3加一4伤害5暴击6矿等7核8攻速9随机矿a敌人爆炸,1,
31311 62433,213.3,橙1易伤1技能2矿等1伤害,1最后敌人2低血量敌人3易伤4敌人掉落5技能6核7资源8a矿等9伤害,2,
31311 63433,213.3,橙2易伤1技能1伤害1矿等,1最后敌人2低血量敌人38易伤4敌人掉落5技能6核7基地爆炸9伤害a矿等,1,
61332 61411,213.3,橙3雷电2等级2易伤1平台,179雷电2a等级3低血量敌人4a易伤5平台6核8a资源a序列之力,0,
61614 33211,213.3,橙1等级1暴击1矿等1易伤,1雷电2等级3加一49随机矿5暴击6矿等7核8易伤a敌人爆炸,1,
23331 41523,213.2,橙1易伤2矿等1等级,1赏金邻近2雷电减费3易伤4立即金币5金币生成6核7低血量敌人8a矿等9等级,2,
54233 41333,213.2,橙1攻速1易伤1等级1伤害1技能,1敌人爆炸2攻速3易伤4挖道具5等级6核7金币生成8技能点9伤害a技能,0,
35351 23421,213.1,橙1平台2易伤1等级1随机技能1暴击,1最后敌人2平台3敌人爆炸46易伤5等级7立即金币8核9随机技能a暴击,0,
36121 16511,213.08,紫2攻速2易伤2技能1等级,17最后敌人2雷电3核47攻速5挖道具67易伤7序列之力8a技能9等级,0,
12224 55223,213.0,橙2随机技能2易伤1伤害1平台1时间1攻速,13随机技能27易伤4低血量敌人5伤害6核8平台9时间a攻速,0,
23324 42263,213.0,橙3易伤1等级1时间,1赏金邻近2雷电减费35a易伤4金币生成6核7等级8时间9尘,0,
61614 33353,213.0,橙1等级2暴击2矿等,1雷电2等级3加一4随机矿59暴击68矿等7核a随机技能,2,
66624 33422,213.0,橙2雷电2伤害1暴击1矿等2攻速,19雷电2金币生成3加一49伤害5暴击6矿等7核89攻速9序列之力a燃烧减费,1,
66624 33424,213.0,橙2雷电2伤害1暴击1矿等2攻速,19雷电2金币生成3加一49伤害5暴击6矿等7核89攻速9序列之力a基地爆炸,1,
12224 53111,212.9,橙2随机技能2易伤2伤害1暴击,13随机技能28易伤4低血量敌人5a伤害6核7最后敌人9暴击,0,
12133 55226,212.8,橙1随机技能1易伤2时间2伤害1矿等,1随机技能2易伤3金币生成48时间5物品6核7a伤害9矿等,1,
12133 55432,212.8,橙1随机技能1易伤1时间2伤害1策反1矿等,1随机技能2易伤3金币生成4时间5物品6核7a伤害8策反9矿等,1,
12224 55311,212.8,橙2随机技能2易伤2伤害1暴击,13随机技能27易伤4低血量敌人5a伤害6核8挖道具9暴击,0,
23356 11162,212.8,橙1易伤1全技能1等级1矿等1随机技能1技能,1赏金邻近2雷电减费3易伤4全技能5等级6核7尘8矿等9随机技能a技能,1,
23356 11232,212.8,橙1易伤1全技能1等级1随机技能1矿等1技能,1赏金邻近2雷电减费3易伤4全技能5等级6核7尘8随机技能9矿等a技能,1,
23364 42321,212.8,橙2易伤1等级1技能1攻速,1赏金邻近2雷电减费35易伤4资源6核7等级8技能9攻速a基地爆炸,0,
23522 12632,212.7,橙1平台1等级1易伤1伤害1矿等,1赏金邻近2雷电减费3平台4等级5易伤6伤害7敌人爆炸8核9矿等a低血量敌人,1,
61332 62252,212.7,橙2雷电1等级1易伤1平台1矿等1暴击,18雷电2等级3低血量敌人4易伤5平台6核7矿等9暴击a燃烧减费,1,
61332 62253,212.7,橙2雷电1等级1易伤1平台1矿等1暴击,18雷电2等级3低血量敌人4易伤5平台6核7矿等9暴击a赏金邻近,1,
61614 33222,212.7,橙2雷电1等级1暴击1矿等1易伤,19雷电2等级3加一4随机矿5暴击6矿等7核8易伤a金币生成,1,
61624 33472,212.7,橙1等级1伤害1暴击1矿等1攻速,1雷电2等级3加一4伤害5暴击6矿等7核8攻速9随机矿a金币生成,1,
35351 23412,212.6,橙1平台2易伤1等级1伤害,1最后敌人2平台3敌人爆炸46易伤5等级7立即金币8核9伤害a低血量敌人,0,
61614 33212,212.6,橙1等级1暴击1矿等1易伤,1雷电2等级3加一49随机矿5暴击6矿等7核8易伤a金币生成,1,
61614 33235,212.6,橙1等级1暴击1矿等1易伤,1雷电2等级3加一4随机矿5暴击6矿等7核8易伤9低血量敌人a随机技能,1,
61624 33416,212.6,橙1等级1伤害1暴击1矿等1攻速,1雷电2等级3加一4伤害5暴击6矿等7核8攻速9资源a平台,1,
61624 33417,212.6,橙1等级1伤害1暴击1矿等1攻速,1雷电2等级3加一4伤害5暴击6矿等7核8攻速9资源a策反,1,
61624 33431,212.6,橙1等级1伤害1暴击1矿等1攻速1全技能,1雷电2等级3加一4伤害5暴击6矿等7核8攻速9全技能a赏金塔,1,
61624 33433,212.6,橙1等级1伤害1暴击1矿等1攻速1全技能,1雷电2等级3加一4伤害5暴击6矿等7核8攻速9全技能a尘,1,
61624 33444,212.6,橙1等级1伤害1暴击1矿等1攻速,1雷电2等级3加一4伤害5暴击6矿等7核8攻速9技能点a全技能,1,
61624 33446,212.6,橙1等级1伤害1暴击1矿等1攻速,1雷电2等级3加一4伤害5暴击6矿等7核8攻速9技能点a平台,1,
61624 33447,212.6,橙1等级1伤害1暴击1矿等1攻速,1雷电2等级3加一4伤害5暴击6矿等7核8攻速9技能点a策反,1,
61624 33451,212.6,橙1等级1伤害1暴击1矿等1攻速,1雷电2等级3加一4伤害5暴击6矿等7核8攻速9雷电减费a随机技能,1,
61631 13127,212.6,橙3雷电2等级2易伤,168雷电28等级3加一48易伤5随机矿7立即金币8序列之力9最后敌人a核,0,
23324 42531,212.5,橙2易伤1等级1伤害,1赏金邻近2雷电减费35易伤48金币生成6核7等级9伤害a随机技能,0,
26523 33261,212.5,橙1攻速1时间1暴击2等级1易伤,1赏金邻近2攻速3时间4暴击56等级7核8敌人掉落9易伤a全技能,0,
26523 33363,212.5,橙1攻速1时间1暴击2等级1冰对冰球1易伤,1赏金邻近2攻速3时间4暴击56等级7核8冰对冰球9赏金塔a易伤,0,
26523 33512,212.5,橙1攻速1时间2暴击2等级1矿等,1赏金邻近2攻速3时间49暴击56等级7核8随机矿a矿等,1,
35351 23413,212.5,橙1平台2易伤1等级1伤害,1最后敌人2平台3敌人爆炸46易伤5等级7立即金币8核9伤害a激光对冰,0,
61311 61173,212.5,橙1等级1策反2易伤1伤害,1雷电2等级3低血量敌人4双倍秒伤5策反6核7加一8a易伤9伤害,0,
61614 33241,212.5,橙1等级1暴击1矿等1易伤,1雷电2等级3加一4随机矿5暴击6矿等7核8易伤9技能点a随机技能,1,
61614 33245,212.5,橙1等级1暴击1矿等1易伤,1雷电2等级3加一4随机矿5暴击6矿等7核8易伤9技能点a策反,1,
61614 33281,212.5,橙1等级1暴击1矿等1易伤,1雷电2等级3加一4随机矿5暴击6矿等7核8易伤9资源a随机技能,1,
61614 33814,212.5,橙1等级1暴击1矿等1易伤,1雷电2等级3加一4随机矿5暴击6矿等7核8冰冻减费9易伤a全技能,1,
12614 53211,212.4,橙1随机技能2易伤2伤害1技能,1随机技能2a易伤3资源4金币生成5a伤害6核7最后敌人8技能9a低血量敌人a序列之力,0,
23342 41522,212.4,橙2易伤1矿等1等级,1赏金邻近2雷电减费35易伤4随机矿5序列之力6核7低血量敌人8矿等9等级a双倍秒伤,1,
23342 41523,212.4,橙2易伤1矿等1等级,1赏金邻近2雷电减费35易伤4随机矿5序列之力6核7低血量敌人8矿等9等级a风暴减费,1,
23356 16312,212.4,橙2易伤1全技能1等级1伤害,1赏金邻近2雷电减费38易伤4全技能5等级6核7伤害9资源a雷电,0,
26142 23512,212.4,2攻速2矿等1等级3伤害1时间1易伤,1赏金邻近27攻速37矿等4尘5等级678伤害7序列之力9时间a易伤,2,
26162 23532,212.4,2攻速2矿等1时间1等级3伤害1易伤,1赏金邻近27攻速37矿等4时间5等级678伤害7序列之力9双倍秒伤a易伤,2,
33424 33153,212.4,橙1等级1矿等1易伤1攻速,17最后敌人2狙对黄3等级4矿等5雷电6核8易伤9攻速a时间,1,
61311 62611,212.4,橙橙1等级1策反1挖怪1暴击,1雷电2等级3低血量敌人4双倍秒伤5策反68核7赏金塔9挖怪a暴击,0,
23356 12411,212.3,橙3易伤1全技能1等级,1赏金邻近2雷电减费37a易伤4全技能5等级6核8敌人爆炸9基地爆炸,0,
33424 34313,212.3,橙3等级2矿等1策反,1最后敌人2狙对黄389等级4a矿等5雷电6核7策反,2,
34213 48313,212.3,橙1攻速2易伤1全技能2伤害,17最后敌人2攻速37易伤4全技能57伤害6加一7序列之力8核9敌人爆炸a尘,0,
54221 24321,212.3,1攻速3易伤3伤害1时间2等级,19敌人爆炸2攻速379易伤46a伤害5时间89等级9序列之力,0,
12614 53231,212.2,橙1随机技能2易伤2伤害1技能,1随机技能2a易伤3资源4金币生成5a伤害6核7最后敌人8技能9a基地爆炸a序列之力,0,
12133 55223,212.1,橙1随机技能1易伤2时间1伤害1矿等1技能,1随机技能2易伤3金币生成48时间5物品6核7伤害9矿等a技能,1,
23324 42351,212.1,橙2易伤1等级1技能1随机技能,1赏金邻近2雷电减费35易伤4金币生成6核7等级8技能9随机技能a雷电,0,
23356 13341,212.1,橙2易伤1全技能1等级1攻速,1赏金邻近2雷电减费38易伤4全技能5等级6核7攻速9雷电a敌人爆炸,0,
23522 13641,212.1,橙1平台1等级1易伤1伤害2时间1攻速,1赏金邻近2雷电减费3平台4等级5易伤6伤害7a时间8核9攻速,0,
61232 62361,212.1,橙2雷电1等级1挖怪2易伤1平台1矿等1策反,19雷电2等级3挖怪4a易伤5平台6核7矿等8策反,1,
61614 33354,212.1,橙1等级3暴击2矿等,1雷电2等级3加一4随机矿59a暴击68矿等7核,2,
36124 11216,212.08,紫2雷电1攻速2时间2易伤2矿等,1最后敌人29雷电3核4攻速5a时间69易伤7敌人爆炸89矿等9序列之力,2,
56121 13216,212.08,紫2雷电1攻速2易伤2时间2矿等,1敌人爆炸29雷电3核4攻速5低血量敌人69易伤7a时间89矿等9序列之力,2,
61614 33236,212.0,橙1等级2暴击1矿等1易伤,1雷电2等级3加一4随机矿5a暴击6矿等7核8易伤9低血量敌人,1,
61624 33454,212.0,橙1等级1伤害2暴击1矿等1攻速,1雷电2等级3加一4伤害5a暴击6矿等7核8攻速9雷电减费,1,
61632 11174,212.0,橙3雷电1等级2易伤2策反1平台,16a雷电2等级3加一4a易伤5a策反7平台8核9赏金塔a序列之力,0,
61632 11184,212.0,橙3雷电1等级2易伤2策反1平台,16a雷电2等级3加一4a易伤5a策反7平台8核9赏金邻近a序列之力,0,
23356 12321,211.9,橙2易伤1全技能1等级1技能,1赏金邻近2雷电减费37易伤4全技能5等级6核8基地爆炸9技能a时间,0,
61614 33244,211.9,橙1等级2暴击1矿等1易伤,1雷电2等级3加一4随机矿5a暴击6矿等7核8易伤9技能点,1,
61614 33284,211.9,橙1等级2暴击1矿等1易伤,1雷电2等级3加一4随机矿5a暴击6矿等7核8易伤9资源,1,
12133 21655,211.8,橙1随机技能2易伤2时间1等级1全技能,1随机技能2a易伤3金币生成49时间5物品6等级7全技能8核,0,
61624 33534,211.7,橙1等级1伤害1暴击1矿等2时间,1雷电2等级3加一4伤害5暴击6矿等7核89时间a全技能,1,
61624 33541,211.7,橙1等级1伤害1暴击1矿等1时间1策反,1雷电2等级3加一4伤害5暴击6矿等7核8时间9策反a随机技能,1,
12133 55324,211.6,橙1随机技能1易伤1时间1伤害1等级1攻速,1随机技能2易伤3金币生成4时间5物品6核7伤害8等级9攻速a敌人爆炸,0,
23324 45132,211.6,橙4易伤1技能,1赏金邻近2雷电减费3589易伤49金币生成6核79狙对黄9序列之力a技能,0,
61313 61138,211.6,橙1等级1技能1易伤1策反1矿等,1雷电2等级3低血量敌人4双倍秒伤5技能6核7加一8易伤9策反a矿等,1,
61614 33361,211.6,橙1等级1暴击2矿等1时间,1雷电2等级3加一4随机矿5暴击68矿等7核9时间a敌人爆炸,2,
61614 33621,211.6,橙2雷电2等级1暴击1矿等1伤害,19雷电29等级3加一4随机矿5暴击6矿等7核89技能点9序列之力a伤害,1,
12133 21635,211.5,橙2随机技能2易伤1时间1等级1全技能,19随机技能2a易伤3金币生成4时间5物品6等级7全技能8核,0,
12614 52133,211.5,橙1随机技能1易伤1伤害1技能1等级,1随机技能2易伤3资源4金币生成5伤害6核7随机矿8技能9等级a平台,0,
23356 12252,211.5,橙2易伤1全技能2等级1策反,1赏金邻近2雷电减费37易伤4全技能58等级6核9策反a随机矿,0,
23356 12533,211.5,橙2易伤1全技能1等级1暴击,1赏金邻近2雷电减费37易伤4全技能5等级6核8双倍矿9暴击a策反,0,
61624 33743,211.5,橙2雷电1等级2伤害1暴击1矿等,19雷电2等级3加一49伤害5暴击6矿等7核89最后敌人9序列之力a资源,1,
12123 54123,211.3,橙1随机技能2易伤1时间1技能1矿等,1随机技能29易伤3金币生成4低血量敌人5物品6核7时间8技能a矿等,1,
23356 12621,211.3,橙2易伤1全技能1等级1攻速,1赏金邻近2雷电减费37易伤4全技能5等级6核8攻速9最后敌人a时间,0,
23356 13321,211.3,橙2易伤1全技能1等级1攻速,1赏金邻近2雷电减费38易伤4全技能5等级6核7攻速9最后敌人a时间,0,
23356 13361,211.3,橙2易伤1全技能1等级1攻速,1赏金邻近2雷电减费38易伤4全技能5等级6核7攻速9低血量敌人a时间,0,
61332 61161,211.3,橙2雷电2等级1易伤1平台1随机技能1伤害,17雷电2a等级3低血量敌人4易伤5平台6核8随机技能9伤害,0,
61624 33622,211.3,橙2雷电1等级2伤害1暴击1矿等,19雷电2等级3加一49伤害5暴击6矿等7核89技能点9序列之力a燃烧减费,1,
61624 33624,211.3,橙2雷电1等级2伤害1暴击1矿等,19雷电2等级3加一49伤害5暴击6矿等7核89技能点9序列之力a基地爆炸,1,
11133 52333,211.2,橙1随机技能1时间2矿等1等级1技能,1随机技能2尘3金币生成4时间5物品6核79矿等8等级a技能,2,
12133 52123,211.2,橙1随机技能2易伤1时间1技能1矿等,1随机技能29易伤3金币生成4时间5物品6核7雷电减费8技能a矿等,1,
23356 13351,211.2,橙2易伤1全技能1等级1攻速,1赏金邻近2雷电减费38易伤4全技能5等级6核7攻速9尘a时间,0,
23356 14113,211.2,橙1易伤1全技能1等级2时间1矿等,1赏金邻近2雷电减费3易伤4全技能5等级6核79时间8矿等a随机技能,1,
23356 14121,211.2,橙1易伤1全技能1等级1时间1矿等1散射对甲,1赏金邻近2雷电减费3易伤4全技能5等级6核7时间8矿等9散射对甲a平台,1,
26523 33263,211.2,橙1攻速1时间1暴击2等级1易伤,1赏金邻近2攻速3时间4暴击56等级7核8敌人掉落9易伤a雷电,0,
61626 34111,211.2,橙2雷电2等级1伤害1平台1易伤,19雷电25等级3加一4伤害6平台7易伤8核a随机技能,0,
61626 41111,211.2,橙2雷电2等级1伤害1易伤1平台,19雷电25等级3加一4伤害6易伤7平台8核a随机技能,0,
61632 11136,211.2,橙2雷电1等级1易伤1策反1平台1伤害1暴击,16雷电2等级3加一4易伤5策反7平台8核9伤害a暴击,0,
11336 51411,211.1,橙2随机技能2等级1矿等1暴击1伤害,15随机技能2尘3基地爆炸45等级5序列之力6核7核弹8矿等9暴击a伤害,1,
12231 42614,211.1,橙2随机技能4易伤1时间,13随机技能267a易伤4时间5最后敌人8核9低血量敌人,0,
12231 42624,211.1,橙2随机技能4易伤1时间,13随机技能2679易伤4时间5a最后敌人8核,0,
23324 42521,211.1,橙3易伤1等级,1赏金邻近2雷电减费359易伤48金币生成6核7等级a敌人爆炸,0,
23356 14131,211.1,橙1易伤1全技能1等级1时间1矿等1暴击,1赏金邻近2雷电减费3易伤4全技能5等级6核7时间8矿等9低血量敌人a暴击,1,
61624 33544,211.1,橙1等级1伤害2暴击1矿等1时间1策反,1雷电2等级3加一4伤害5a暴击6矿等7核8时间9策反,1,
12231 42621,211.0,橙2随机技能4易伤1时间,13随机技能2679易伤4时间5最后敌人8核a激光对冰,0,
12231 42625,211.0,橙2随机技能4易伤1时间,13随机技能2679易伤4时间5最后敌人8核a基础对治愈,0,
23324 42411,211.0,橙2易伤1等级1矿等,1赏金邻近2雷电减费35易伤4金币生成6核7等级8敌人掉落9矿等a技能点,1,
23356 11111,211.0,橙1易伤1全技能1等级1矿等1时间1暴击,1赏金邻近2雷电减费3易伤4全技能5等级6核7尘8矿等9时间a暴击,1,
34212 32114,211.0,橙1攻速1易伤1全技能1等级1矿等,1最后敌人2攻速3易伤4全技能5低血量敌人6等级7基地爆炸8核9矿等a雷电,1,
61636 43131,211.0,橙1等级2易伤1暴击1时间,1雷电2等级3加一4a易伤5暴击6风暴减费7核8敌人爆炸9时间,0,
12133 55326,210.9,橙1随机技能1易伤1时间1伤害1等级1攻速,1随机技能2易伤3a金币生成4时间5物品6核7伤害8等级9攻速,0,
33424 32263,210.9,橙1等级1矿等1策反1易伤1攻速,1最后敌人2狙对黄3等级4矿等5雷电6核7多重对甲8策反9易伤a攻速,1,
34215 33114,210.9,橙1攻速1易伤1全技能1等级1矿等,1最后敌人2攻速3易伤4全技能5基地爆炸6等级7尘8核9矿等a雷电,1,
61311 63234,210.9,橙1等级1策反1攻速1矿等1易伤,1雷电2等级3低血量敌人4双倍秒伤5策反6核7攻速8矿等9易伤a技能点,1,
61311 63235,210.9,橙1等级1策反1攻速1矿等1易伤,1雷电2等级3低血量敌人4双倍秒伤5策反6核7攻速8矿等9易伤a赏金邻近,1,
61614 33333,210.9,橙2雷电1等级1暴击2矿等,19雷电2等级3加一4随机矿5暴击68矿等7核a随机技能,2,
61614 33362,210.9,橙1等级1暴击2矿等1时间,1雷电2等级3加一4随机矿5暴击68矿等7核9时间a金币生成,2,
11336 63113,210.8,橙2随机技能2等级1易伤1攻速1暴击,15随机技能2尘3基地爆炸45等级5序列之力6易伤7敌人掉落8核9攻速a暴击,0,
12133 55351,210.8,橙1随机技能1易伤1时间1伤害1等级1技能,1随机技能2易伤3金币生成4时间5物品6核7伤害8等级9技能a立即金币,0,
12234 52126,210.8,橙2随机技能2易伤1时间1伤害1技能,13随机技能2a易伤4时间5伤害6核7随机矿8技能9赏金邻近,0,
12234 52136,210.8,橙2随机技能2易伤1时间1伤害1技能,13随机技能2a易伤4时间5伤害6核7随机矿8技能9赏金塔,0,
61627 34121,210.8,橙1等级2伤害1平台1易伤,1雷电2等级3加一45伤害6平台7易伤8核9冰冻减费a随机技能,0,
61627 41121,210.8,橙1等级2伤害1易伤1平台,1雷电2等级3加一45伤害6易伤7平台8核9冰冻减费a随机技能,0,
34213 41348,210.7,橙1攻速1易伤1全技能1伤害2等级,17最后敌人2攻速3易伤4全技能5伤害6加一8核9a等级,0,
61232 62322,210.7,橙1等级1挖怪2易伤1平台1矿等1策反,1雷电2等级3挖怪49易伤5平台6核7矿等8策反a金币生成,1,
23324 42361,210.6,橙2易伤1等级1技能,1赏金邻近2雷电减费35易伤4金币生成6核7等级8技能9双倍矿a随机技能,0,
23356 13342,210.6,橙2易伤1全技能1等级1攻速,1赏金邻近2雷电减费38易伤4全技能5等级6核7攻速9雷电a立即金币,0,
61631 13151,210.6,3雷电3等级3易伤2矿等,168雷电28a等级3加一48a易伤5随机矿7立即金币8a序列之力9a矿等,2,
12224 55212,210.5,橙2随机技能3易伤1伤害1平台,13随机技能27a易伤4低血量敌人5伤害6核8平台9赏金塔,0,
12224 55221,210.5,橙2随机技能2易伤1伤害1平台1时间1暴击,13随机技能27易伤4低血量敌人5伤害6核8平台9时间a暴击,0,
12234 53113,210.5,橙2随机技能2易伤2时间1伤害1暴击,13随机技能28易伤4a时间5伤害6核7最后敌人9暴击,0,
12234 54113,210.5,橙2随机技能2易伤2时间1伤害1暴击,13随机技能28易伤4a时间5伤害6核7低血量敌人9暴击,0,
61332 62352,210.5,橙1等级1易伤1平台1矿等1暴击,1雷电2等级3低血量敌人4易伤5平台6核7矿等8立即金币9暴击a燃烧减费,1,
61332 62353,210.5,橙1等级1易伤1平台1矿等1暴击,1雷电2等级3低血量敌人4易伤5平台6核7矿等8立即金币9暴击a赏金邻近,1,
63121 16512,210.48,紫2雷电2攻速2易伤1技能1等级,17雷电2最后敌人3核47攻速5挖道具67易伤7序列之力8技能9等级a时间,0,
11234 55113,210.4,橙2随机技能1时间1伤害1攻速1技能1暴击1等级,13随机技能2尘4时间5伤害6核7攻速8技能9暴击a等级,0,
12234 55112,210.4,橙2随机技能1易伤1时间1伤害1攻速1技能1暴击,13随机技能2易伤4时间5伤害6核7攻速8技能9暴击a爆破对强壮,0,
21334 42333,210.4,橙2技能1易伤1时间1伤害1矿等,1赏金邻近2资源3毒减费45技能6核7易伤8时间9伤害a矿等,1,
51313 54122,210.4,橙2易伤1暴击1时间1技能1伤害,1敌人爆炸2低血量敌人39易伤4敌人掉落5暴击6核7时间8技能a伤害,0,
61614 33438,210.4,橙2等级1暴击1矿等1攻速1全技能,1雷电2a等级3加一4随机矿5暴击6矿等7核8攻速9全技能,1,
31362 61135,210.38,紫3易伤1随机技能1时间1等级1矿等,1最后敌人2低血量敌人39a易伤4随机技能5核6时间7等级8矿等,1,
12125 42411,210.3,橙1随机技能2易伤1暴击1等级1平台,1随机技能2a易伤3金币生成4低血量敌人5暴击6等级7基地爆炸8核9平台,0,
12125 43411,210.3,橙1随机技能2易伤1暴击1等级1平台,1随机技能2a易伤3金币生成4低血量敌人5暴击6等级7尘8核9平台,0,
12234 53225,210.3,橙2随机技能2易伤1时间1伤害1技能,13随机技能2a易伤4时间5伤害6核7最后敌人8技能9敌人爆炸,0,
23324 42623,210.3,橙2易伤1等级1暴击,1赏金邻近2雷电减费35易伤4金币生成6核7等级8雷电9暴击a时间,0,
23332 41523,210.3,橙1易伤2矿等1等级,1赏金邻近2雷电减费3易伤4立即金币5技能点6核7低血量敌人8a矿等9等级,2,
54233 42323,210.3,橙1攻速1易伤1等级1伤害1技能,1敌人爆炸2攻速3易伤4挖道具5等级6核7资源8技能点9伤害a技能,0,
61614 33334,210.3,橙2雷电1等级2暴击2矿等,19雷电2等级3加一4随机矿5a暴击68矿等7核,2,
12616 51113,210.2,橙1随机技能1易伤1等级1技能1暴击1攻速,1随机技能2易伤3资源4金币生成5等级6核7核弹8技能9暴击a攻速,0,
12616 51131,210.2,橙1随机技能1易伤2等级1技能1攻速,1随机技能2易伤3资源4金币生成59等级6核7核弹8技能a攻速,0,
23342 42223,210.2,橙3易伤1伤害1攻速,1赏金邻近2雷电减费35a易伤4随机矿5序列之力6核7赏金塔8伤害9攻速,0,
23344 42223,210.2,橙3易伤1伤害1攻速,1赏金邻近2雷电减费35a易伤4随机矿6核7赏金塔8伤害9攻速,0,
32114 61422,210.2,橙2随机技能2矿等1易伤1攻速,1最后敌人2赏金塔35随机技能45矿等5序列之力6易伤7资源8核9随机矿a攻速,2,
51311 61212,210.2,橙3易伤1技能1攻速,17敌人爆炸27低血量敌人379易伤4敌人掉落5技能6核7序列之力8燃烧减费a攻速,0,
56162 21111,210.18,紫1时间2易伤2技能1攻速1等级,1敌人爆炸2雷电3核4时间56易伤7a技能8攻速9等级,0,
12133 55321,210.1,橙1随机技能1易伤1时间1伤害1等级1攻速,1随机技能2易伤3金币生成4时间5物品6核7伤害8等级9攻速a立即金币,0,
12133 21646,210.0,橙1随机技能1易伤1时间1等级1全技能1矿等,1随机技能2易伤39金币生成4时间5物品6等级7全技能8核a矿等,1,
23324 42233,210.0,橙2易伤1等级1时间1攻速,1赏金邻近2雷电减费35易伤49金币生成6核7等级8时间a攻速,0,
31342 42253,210.0,橙2易伤1技能1随机技能1全技能1矿等,1最后敌人2低血量敌人38易伤4金币生成5技能6核7随机技能9全技能a矿等,1,
31342 43223,210.0,橙2易伤1技能1全技能1随机技能1矿等,1最后敌人2低血量敌人39易伤4金币生成5技能6核7全技能8随机技能a矿等,1,
11336 63161,209.9,橙2随机技能2等级2易伤,15随机技能2尘3基地爆炸45等级5序列之力69易伤7敌人掉落8核a金币生成,0,
12234 53112,209.9,橙2随机技能2易伤1时间1伤害2暴击,13随机技能28易伤4时间5伤害6核7最后敌人9a暴击,0,
12234 54112,209.9,橙2随机技能2易伤1时间1伤害2暴击,13随机技能28易伤4时间5伤害6核7低血量敌人9a暴击,0,
12253 53622,209.9,橙3随机技能1易伤2等级1技能,139随机技能2易伤49资源5低血量敌人6核7雷电89等级9序列之力a技能,0,
23331 42533,209.9,橙1易伤1等级1伤害1矿等,1赏金邻近2雷电减费3易伤4立即金币58金币生成6核7等级9伤害a矿等,1,
23356 14111,209.9,橙1易伤1全技能1等级3时间1矿等,1赏金邻近2雷电减费3易伤4全技能5等级6核79a时间8矿等,1,
61232 62311,209.9,橙1等级1挖怪2易伤1平台1矿等1策反,1雷电2等级3挖怪4a易伤5平台6核7矿等8策反9立即金币,1,
61624 33162,209.9,橙1等级1伤害1暴击1矿等1技能,1雷电2等级3加一4伤害5暴击6矿等7核8敌人爆炸9技能a双倍秒伤,1,
61624 33163,209.9,橙1等级1伤害1暴击1矿等1技能,1雷电2等级3加一4伤害5暴击6矿等7核8敌人爆炸9技能a尘,1,
61624 33238,209.9,橙1等级1伤害1暴击1矿等1易伤1时间1挖怪,1雷电2等级3加一4伤害5暴击6矿等7核8易伤9时间a挖怪,1,
61624 33482,209.9,橙2雷电1等级1伤害1暴击1矿等1攻速,19雷电2等级3加一4伤害5暴击6矿等7核8攻速a燃烧减费,1,
61624 33484,209.9,橙2雷电1等级1伤害1暴击1矿等1攻速,19雷电2等级3加一4伤害5暴击6矿等7核8攻速a基地爆炸,1,
12614 53132,209.8,橙1随机技能2易伤1伤害1等级,1随机技能28易伤3资源4金币生成5伤害6核7最后敌人9等级a低血量敌人,0,
31342 45213,209.8,橙1易伤1技能1暴击2矿等,1最后敌人2低血量敌人3易伤4金币生成5技能6核7暴击8尘9a矿等,2,
31342 45313,209.8,橙1易伤1技能1暴击2矿等,1最后敌人2低血量敌人3易伤4金币生成5技能6核7暴击8基地爆炸9a矿等,2,
33453 42231,209.8,橙1等级1暴击2易伤1攻速,14最后敌人2狙对黄3等级5暴击6核7a易伤8资源9攻速,0,
61614 33223,209.8,橙2雷电1等级1暴击1矿等1易伤,19雷电2等级3加一4随机矿5暴击6矿等7核8易伤a资源,1,
61614 33225,209.8,橙2雷电1等级1暴击1矿等1易伤,19雷电2等级3加一4随机矿5暴击6矿等7核8易伤a双倍秒伤,1,
61614 33414,209.8,橙1等级1暴击1矿等1攻速1伤害,1雷电2等级3加一4随机矿5暴击6矿等7核8攻速9资源a伤害,1,
61624 33415,209.8,橙1等级1伤害1暴击1矿等1攻速,1雷电2等级3加一4伤害5暴击6矿等7核8攻速9资源a随机矿,1,
61624 33445,209.8,橙1等级1伤害1暴击1矿等1攻速,1雷电2等级3加一4伤害5暴击6矿等7核8攻速9技能点a随机矿,1,
61624 33473,209.8,橙1等级1伤害1暴击1矿等1攻速,1雷电2等级3加一4伤害5暴击6矿等7核8攻速9随机矿a资源,1,
56121 16322,209.78,紫3敌人爆炸2雷电1攻速2易伤1矿等1等级,178敌人爆炸27雷电3核4攻速5低血量敌人67易伤7序列之力9矿等a等级,1,
61624 33411,209.2,橙1等级1伤害1暴击1矿等1攻速,1雷电2等级3加一4伤害5暴击6矿等7核8攻速9资源a敌人爆炸,1,
61624 33441,209.2,橙1等级1伤害1暴击1矿等1攻速,1雷电2等级3加一4伤害5暴击6矿等7核8攻速9技能点a敌人爆炸,1,
61332 63161,209.1,橙2等级1易伤1平台1随机技能1伤害,1雷电2a等级3低血量敌人4易伤5平台6核7立即金币8随机技能9伤害,0,
12224 56223,208.9,橙2随机技能2易伤1伤害1技能,13随机技能29易伤4低血量敌人5伤害6核7敌人爆炸8技能a平台,0,
61624 33511,208.9,橙1等级1伤害1暴击1矿等1时间,1雷电2等级3加一4伤害5暴击6矿等7核8时间9随机矿a随机技能,1,
12234 53243,208.8,橙2随机技能2易伤1时间1伤害1技能,13随机技能29易伤4时间5伤害6核7最后敌人8技能a立即金币,0,
12133 55343,208.7,橙1随机技能1易伤1时间1伤害1等级1技能,1随机技能2易伤3金币生成4时间5物品6核7伤害8等级9冰冻减费a技能,0,
12133 55353,208.7,橙1随机技能1易伤1时间1伤害1等级1技能,1随机技能2易伤3金币生成4时间5物品6核7伤害8等级9技能a赏金邻近,0,
61624 33412,208.5,橙1等级1伤害1暴击1矿等1攻速,1雷电2等级3加一4伤害5暴击6矿等7核8攻速9资源a金币生成,1,
61624 33442,208.5,橙1等级1伤害1暴击1矿等1攻速,1雷电2等级3加一4伤害5暴击6矿等7核8攻速9技能点a金币生成,1,
33424 34323,208.4,橙2等级1矿等1策反1易伤,1最后敌人2狙对黄38等级4矿等5雷电6核7策反9资源a易伤,1,
61332 62413,208.4,橙1等级1易伤1平台1矿等1暴击,1雷电2等级3低血量敌人4易伤5平台6核7矿等8敌人掉落9资源a暴击,1,
61332 62421,208.4,橙2等级1易伤1平台1矿等,1雷电29等级3低血量敌人4易伤5平台6核7矿等8敌人掉落a资源,1,
61332 62422,208.4,橙2等级1易伤1平台1矿等,1雷电29等级3低血量敌人4易伤5平台6核7矿等8敌人掉落a燃烧减费,1,
61332 62423,208.4,橙2等级1易伤1平台1矿等,1雷电29等级3低血量敌人4易伤5平台6核7矿等8敌人掉落a双倍秒伤,1,
61624 33135,208.3,橙1等级1伤害1暴击1矿等1时间,1雷电2等级3加一4伤害5暴击6矿等7核8敌人爆炸9时间a随机技能,1,
61624 33514,208.3,橙1等级1伤害2暴击1矿等1时间,1雷电2等级3加一4伤害5a暴击6矿等7核8时间9随机矿,1,
61624 33531,208.3,橙1等级1伤害1暴击1矿等2时间,1雷电2等级3加一4伤害5暴击6矿等7核89时间a敌人爆炸,1,
12133 54522,208.2,橙1随机技能1易伤2时间2矿等,1随机技能2易伤3金币生成47时间5物品6核89矿等a策反,2,
14141 53112,208.1,橙1随机技能1攻速1等级1易伤1矿等,1随机技能2金币生成3攻速4等级5尘6核7最后敌人8易伤9赏金塔a矿等,1,
61332 62632,208.1,橙1等级1易伤1平台1矿等,1雷电2等级3低血量敌人4易伤5平台6核7矿等8金币生成9敌人爆炸a随机技能,1,
61627 41112,208.1,橙2雷电1等级2伤害1易伤1平台,19雷电2等级3加一45伤害6易伤7平台8核a双倍秒伤,0,
61627 41113,208.1,橙2雷电1等级2伤害1易伤1平台,19雷电2等级3加一45伤害6易伤7平台8核a尘,0,
12133 55323,208.0,橙1随机技能1易伤1时间1伤害1等级1攻速,1随机技能2易伤3金币生成4时间5物品6核7伤害8等级9攻速a赏金邻近,0,
61332 62311,208.0,橙2雷电1等级1易伤1平台1矿等,19雷电2等级3低血量敌人4易伤5平台6核7矿等8立即金币a随机技能,1,
61332 62314,208.0,橙2雷电1等级1易伤1平台1矿等,19雷电2等级3低血量敌人4易伤5平台6核7矿等8立即金币a策反,1,
12224 52111,207.7,橙2随机技能1易伤2伤害1技能1暴击,13随机技能2易伤4低血量敌人5a伤害6核7随机矿8技能9暴击,0,
61624 33132,207.7,橙1等级1伤害2暴击1矿等1时间,1雷电2等级3加一4伤害5a暴击6矿等7核8敌人爆炸9时间,1,
33424 33152,207.6,橙1等级1矿等1易伤1攻速,17最后敌人2狙对黄3等级4矿等5雷电6核8易伤9攻速a敌人爆炸,1,
61624 33532,207.6,橙1等级1伤害1暴击1矿等2时间,1雷电2等级3加一4伤害5暴击6矿等7核89时间a金币生成,1,
12234 53152,207.4,橙2随机技能2易伤1时间2伤害,13随机技能28易伤4时间5a伤害6核7最后敌人9爆破对冰,0,
12234 55311,207.4,橙2随机技能1易伤1时间1伤害1攻速1暴击,13随机技能2易伤4时间5伤害6核7攻速8随机矿9暴击a核弹,0,
33424 35121,207.3,橙1等级1矿等2雷电1易伤1时间,1最后敌人2狙对黄3等级4矿等57雷电6核8易伤9时间a随机技能,1,
61624 33614,207.0,橙1等级2伤害1暴击1矿等,1雷电2等级3加一4a伤害5暴击6矿等7核8技能点9资源,1,
61624 33641,207.0,橙1等级2伤害1暴击1矿等,1雷电2等级3加一4a伤害5暴击6矿等7核89技能点,1,
61626 41121,206.9,橙2等级1伤害1易伤1平台,1雷电25等级3加一4伤害6易伤7平台8核9冰冻减费a随机技能,0,
12234 53215,206.8,橙2随机技能2易伤1时间1伤害1技能,13随机技能2a易伤4时间5伤害6核7最后敌人8技能9低血量敌人,0,
12234 53242,206.8,橙2随机技能2易伤1时间1伤害1技能,13随机技能29易伤4时间5伤害6核7a最后敌人8技能,0,
12234 54222,206.8,橙2随机技能2易伤1时间1伤害1技能,13随机技能29易伤4时间5伤害6核7低血量敌人8技能a最后敌人,0,
12234 53235,206.7,橙2随机技能2易伤1时间1伤害1技能,13随机技能2a易伤4时间5伤害6核7最后敌人8技能9基地爆炸,0,
12234 53241,206.7,橙2随机技能2易伤1时间1伤害1技能,13随机技能29易伤4时间5伤害6核7最后敌人8技能a技能点,0,
12234 54221,206.7,橙2随机技能2易伤1时间1伤害1技能,13随机技能29易伤4时间5伤害6核7低血量敌人8技能a技能点,0,
14141 53133,206.7,橙1随机技能1攻速1等级1易伤1全技能1伤害,1随机技能2金币生成3攻速4等级5尘6核7最后敌人8易伤9全技能a伤害,0,
61627 41142,206.7,橙1等级2伤害1易伤1平台,1雷电2等级3加一45伤害6易伤7平台8核9资源a金币生成,0,
61332 61141,206.5,橙3雷电1等级2易伤1平台1随机技能,179雷电2等级3低血量敌人4a易伤5平台6核8随机技能,0,
12234 53122,206.0,橙2随机技能2易伤1时间1伤害1攻速,13随机技能28易伤4时间5伤害6核7最后敌人9赏金邻近a攻速,0,
12234 53132,206.0,橙2随机技能2易伤1时间1伤害1攻速,13随机技能28易伤4时间5伤害6核7最后敌人9赏金塔a攻速,0,
12234 54122,206.0,橙2随机技能2易伤1时间1伤害1攻速,13随机技能28易伤4时间5伤害6核7低血量敌人9赏金邻近a攻速,0,
12234 54132,206.0,橙2随机技能2易伤1时间1伤害1攻速,13随机技能28易伤4时间5伤害6核7低血量敌人9赏金塔a攻速,0,
61332 62214,206.0,橙3雷电1等级1易伤1平台1矿等,189雷电2等级3低血量敌人4易伤5平台6核7矿等a双倍矿,1,
61332 62221,205.9,橙2雷电1等级1易伤1平台1矿等,18雷电2等级3低血量敌人4易伤5平台6核7矿等9冰冻减费a随机技能,1,
61332 62224,205.9,橙2雷电1等级1易伤1平台1矿等,18雷电2等级3低血量敌人4易伤5平台6核7矿等9冰冻减费a策反,1,
61332 62243,205.9,橙2雷电1等级1易伤1平台1矿等,18雷电2等级3低血量敌人4易伤5平台6核7矿等9基地爆炸a随机技能,1,
14141 53113,205.8,橙1随机技能1攻速1等级2易伤,1随机技能2金币生成3攻速4等级5尘6核7最后敌人8a易伤9赏金塔,0,
12234 53115,205.6,橙2随机技能2易伤1时间1伤害1暴击,13随机技能28易伤4时间5伤害6核7最后敌人9暴击a立即金币,0,
61624 33413,205.6,橙1等级1伤害1暴击1矿等1攻速,1雷电2等级3加一4伤害5暴击6矿等7核8攻速9a资源,1,
61624 33443,205.6,橙1等级1伤害1暴击1矿等1攻速,1雷电2等级3加一4伤害5暴击6矿等7核8攻速9技能点a资源,1,
61624 33452,205.6,橙1等级1伤害1暴击1矿等1攻速,1雷电2等级3加一4伤害5暴击6矿等7核8攻速9雷电减费a双倍秒伤,1,
61624 33453,205.6,橙1等级1伤害1暴击1矿等1攻速,1雷电2等级3加一4伤害5暴击6矿等7核8攻速9雷电减费a尘,1,
12133 54523,205.4,橙1随机技能1易伤2时间2矿等,1随机技能2易伤3金币生成47时间5物品6核89矿等a双倍矿,2,
12234 52113,205.3,橙2随机技能1易伤1时间1伤害1技能1暴击,13随机技能2易伤4时间5伤害6核7随机矿8技能9暴击a全技能,0,
12234 52112,204.7,橙2随机技能1易伤1时间1伤害1技能2暴击,13随机技能2易伤4时间5伤害6核7随机矿8技能9a暴击,0,
61624 33533,204.7,橙1等级1伤害1暴击1矿等2时间,1雷电2等级3加一4伤害5暴击6矿等7核89时间a资源,1,
61624 33542,204.7,橙1等级1伤害1暴击1矿等1时间1策反,1雷电2等级3加一4伤害5暴击6矿等7核8时间9策反a双倍秒伤,1,
61624 33543,204.7,橙1等级1伤害1暴击1矿等1时间1策反,1雷电2等级3加一4伤害5暴击6矿等7核8时间9策反a尘,1,
61624 33634,204.7,橙1等级1伤害1暴击1矿等1全技能,1雷电2等级3加一4伤害5暴击6矿等7核8技能点9全技能a时间,1,
61624 33133,204.2,橙1等级1伤害1暴击1矿等1时间,1雷电2等级3加一4伤害5暴击6矿等7核8敌人爆炸9时间a金币生成,1,
61624 33732,204.2,橙1等级1伤害2暴击1矿等1时间,1雷电2等级3加一4伤害5a暴击6矿等7核8最后敌人9时间,1,
61626 41112,204.2,橙2雷电2等级1伤害1易伤1平台,19雷电25等级3加一4伤害6易伤7平台8核a双倍秒伤,0,
61626 41113,204.2,橙2雷电2等级1伤害1易伤1平台,19雷电25等级3加一4伤害6易伤7平台8核a尘,0,
61624 33111,204.1,橙1等级1伤害1暴击1矿等,1雷电2等级3加一4伤害5暴击6矿等7核8敌人爆炸9随机矿a随机技能,1,
61624 33115,204.1,橙1等级1伤害1暴击1矿等,1雷电2等级3加一4伤害5暴击6矿等7核8敌人爆炸9随机矿a策反,1,
61624 33522,204.1,橙1等级1伤害2暴击1矿等1时间,1雷电2等级3加一4伤害5a暴击6矿等7核8时间9基地爆炸,1,
33424 33151,204.0,橙1等级1矿等1易伤1攻速,17最后敌人2狙对黄3等级4矿等5雷电6核8易伤9攻速a资源,1,
12243 16413,203.8,橙3随机技能2易伤1等级,13a随机技能26易伤4等级57立即金币8核9冰冻减费,0,
61627 41122,203.8,橙1等级2伤害1易伤1平台,1雷电2等级3加一45伤害6易伤7平台8核9冰冻减费a双倍秒伤,0,
61627 41123,203.8,橙1等级2伤害1易伤1平台,1雷电2等级3加一45伤害6易伤7平台8核9冰冻减费a尘,0,
61627 41143,203.8,橙1等级2伤害1易伤1平台,1雷电2等级3加一45伤害6易伤7平台8核9a资源,0,
12234 54231,203.7,橙2随机技能1易伤2时间1伤害1技能1攻速,13随机技能2易伤4a时间5伤害6核7低血量敌人8技能9攻速,0,
12234 54232,203.7,橙2随机技能1易伤1时间1伤害1技能1攻速,13随机技能2易伤4时间5伤害6核7低血量敌人8技能9攻速a平台,0,
61332 62321,203.7,橙1等级1易伤1平台1矿等,1雷电2等级3低血量敌人4易伤5平台6核7矿等8立即金币9冰冻减费a随机技能,1,
61332 62324,203.7,橙1等级1易伤1平台1矿等,1雷电2等级3低血量敌人4易伤5平台6核7矿等8立即金币9冰冻减费a策反,1,
61332 62343,203.7,橙1等级1易伤1平台1矿等,1雷电2等级3低血量敌人4易伤5平台6核7矿等8立即金币9基地爆炸a随机技能,1,
12234 53114,203.5,橙2随机技能2易伤1时间1伤害1暴击,13随机技能28易伤4时间5伤害6核7最后敌人9暴击a双倍秒伤,0,
12234 53116,203.5,橙2随机技能2易伤1时间1伤害1暴击,13随机技能28易伤4时间5伤害6核7最后敌人9暴击a资源,0,
61624 33114,203.5,橙1等级1伤害2暴击1矿等,1雷电2等级3加一4伤害5a暴击6矿等7核8敌人爆炸9随机矿,1,
33424 33121,203.1,橙1等级1矿等1易伤1时间,17最后敌人2狙对黄3等级4矿等5雷电6核8易伤9时间a随机技能,1,
61332 62242,203.1,橙2雷电1等级1易伤1平台1矿等,18雷电2等级3低血量敌人4易伤5平台6核7矿等9基地爆炸a随机矿,1,
61626 41142,202.8,橙2等级1伤害1易伤1平台,1雷电25等级3加一4伤害6易伤7平台8核9资源a金币生成,0,
61624 33362,202.6,橙1等级1伤害1暴击2矿等1卖塔,1雷电2等级3加一4伤害5暴击68矿等7核9卖塔a平台,2,
12224 52126,202.5,橙2随机技能2易伤1伤害1技能,13随机技能2a易伤4低血量敌人5伤害6核7随机矿8技能9赏金邻近,0,
12224 52136,202.5,橙2随机技能2易伤1伤害1技能,13随机技能2a易伤4低血量敌人5伤害6核7随机矿8技能9赏金塔,0,
61332 62612,202.5,橙1等级1易伤1平台1矿等,1雷电2等级3低血量敌人4易伤5平台6核7矿等8a金币生成9立即金币,1,
14141 52111,202.4,橙1随机技能1攻速1等级1技能1暴击1伤害,1随机技能2金币生成3攻速4等级5尘6核7随机矿8技能9暴击a伤害,0,
12234 55121,202.3,橙2随机技能1易伤1时间1伤害1攻速1技能,13随机技能2易伤4时间5伤害6核7攻速8技能9赏金邻近a雷电,0,
12234 55131,202.3,橙2随机技能1易伤1时间1伤害1攻速1技能,13随机技能2易伤4时间5伤害6核7攻速8技能9赏金塔a雷电,0,
12234 52152,202.2,橙2随机技能1易伤1时间2伤害1技能,13随机技能2易伤4时间5a伤害6核7随机矿8技能9爆破对冰,0,
12224 56222,202.0,橙2随机技能2易伤1伤害1技能,13随机技能29易伤4低血量敌人5伤害6核7敌人爆炸8技能a最后敌人,0,
12224 56221,201.9,橙2随机技能2易伤1伤害1技能,13随机技能29易伤4低血量敌人5伤害6核7敌人爆炸8技能a技能点,0,
61624 33512,201.9,橙1等级1伤害1暴击1矿等1时间,1雷电2等级3加一4伤害5暴击6矿等7核8时间9随机矿a双倍秒伤,1,
61624 33513,201.9,橙1等级1伤害1暴击1矿等1时间,1雷电2等级3加一4伤害5暴击6矿等7核8时间9随机矿a尘,1,
61332 62212,201.8,橙3雷电1等级1易伤1平台1矿等,189雷电2等级3低血量敌人4易伤5平台6核7矿等a资源,1,
61332 62213,201.8,橙3雷电1等级1易伤1平台1矿等,189雷电2等级3低血量敌人4易伤5平台6核7矿等a基地爆炸,1,
61332 62215,201.8,橙3雷电1等级1易伤1平台1矿等,189雷电2等级3低血量敌人4易伤5平台6核7矿等a物品,1,
61624 33248,201.6,橙1等级1伤害1暴击1矿等1易伤1挖怪,1雷电2等级3加一4伤害5暴击6矿等7核8易伤9最后敌人a挖怪,1,
12234 55322,201.5,橙2随机技能1易伤1时间2伤害1攻速,13随机技能2易伤4时间5a伤害6核7攻速8随机矿9赏金邻近,0,
12234 55332,201.5,橙2随机技能1易伤1时间2伤害1攻速,13随机技能2易伤4时间5a伤害6核7攻速8随机矿9赏金塔,0,
61624 33228,201.5,橙1等级1伤害1暴击1矿等1易伤1挖怪,1雷电2等级3加一4伤害5暴击6矿等7核8易伤9基地爆炸a挖怪,1,
12133 54533,201.3,橙1随机技能1易伤2时间2矿等,1随机技能2易伤3金币生成47时间5物品6核8a矿等9低血量敌人,2,
61624 33137,201.3,橙1等级1伤害1暴击1矿等1时间,1雷电2等级3加一4伤害5暴击6矿等7核8敌人爆炸9时间a尘,1,
12133 54521,201.2,橙1随机技能1易伤2时间2矿等,1随机技能2易伤3金币生成47时间5物品6核89矿等a毒减费,2,
61332 62631,201.2,橙1等级1易伤1平台1矿等,1雷电2等级3低血量敌人4易伤5平台6核7矿等8金币生成9敌人爆炸a最后敌人,1,
61332 62315,201.1,橙2雷电1等级1易伤1平台1矿等,19雷电2等级3低血量敌人4易伤5平台6核7矿等8立即金币a最后敌人,1,
61332 62633,201.1,橙1等级1易伤1平台1矿等,1雷电2等级3低血量敌人4易伤5平台6核7矿等8金币生成9敌人爆炸a雷电减费,1,
12243 16432,201.0,橙2随机技能2易伤1等级,13随机技能26易伤4等级57立即金币8核9敌人爆炸a资源,0,
12243 16433,201.0,橙2随机技能2易伤1等级,13随机技能26易伤4等级57立即金币8核9敌人爆炸a尘,0,
61332 62312,201.0,橙2雷电1等级1易伤1平台1矿等,19雷电2等级3低血量敌人4易伤5平台6核7矿等8立即金币a双倍秒伤,1,
61332 62313,201.0,橙2雷电1等级1易伤1平台1矿等,19雷电2等级3低血量敌人4易伤5平台6核7矿等8立即金币a尘,1,
61332 62316,201.0,橙2雷电1等级1易伤1平台1矿等,19雷电2等级3低血量敌人4易伤5平台6核7矿等8立即金币a赏金邻近,1,
61332 62342,200.9,橙1等级1易伤1平台1矿等,1雷电2等级3低血量敌人4易伤5平台6核7矿等8立即金币9基地爆炸a随机矿,1,
12234 52122,200.8,橙2随机技能1易伤1时间1伤害1技能1攻速,13随机技能2易伤4时间5伤害6核7随机矿8技能9赏金邻近a攻速,0,
12234 52132,200.8,橙2随机技能1易伤1时间1伤害1技能1攻速,13随机技能2易伤4时间5伤害6核7随机矿8技能9赏金塔a攻速,0,
61624 33733,200.7,橙1等级1伤害1暴击1矿等1时间,1雷电2等级3加一4伤害5暴击6矿等7核8最后敌人9时间a金币生成,1,
61624 33632,200.6,橙2雷电1等级1伤害1暴击1矿等1全技能,1a雷电2等级3加一4伤害5暴击6矿等7核8技能点9全技能,1,
61624 33711,200.6,橙1等级1伤害1暴击1矿等,1雷电2等级3加一4伤害5暴击6矿等7核8最后敌人9随机矿a随机技能,1,
61624 33833,200.6,橙2雷电1等级1伤害1暴击1矿等,19雷电2等级3加一4伤害5暴击6矿等7核8冰冻减费a随机技能,1,
12234 52115,200.4,橙2随机技能1易伤1时间1伤害1技能1暴击,13随机技能2易伤4时间5伤害6核7随机矿8技能9暴击a立即金币,0,
33424 35122,200.3,橙1等级1矿等2雷电1易伤1时间,1最后敌人2狙对黄3等级4矿等57雷电6核8易伤9时间a资源,1,
33424 35123,200.3,橙1等级1矿等2雷电1易伤1时间,1最后敌人2狙对黄3等级4矿等57雷电6核8易伤9时间a赏金邻近,1,
61624 33714,200.0,橙1等级1伤害2暴击1矿等,1雷电2等级3加一4伤害5a暴击6矿等7核8最后敌人9随机矿,1,
61624 33834,200.0,橙2雷电1等级1伤害2暴击1矿等,19雷电2等级3加一4伤害5a暴击6矿等7核8冰冻减费,1,
53424 33131,199.6,橙1等级1矿等1易伤,1敌人爆炸2狙对黄3等级4矿等5雷电6核7最后敌人8易伤9激光对绿a时间,1,
61332 62613,199.6,橙1等级1易伤1平台1矿等,1雷电2等级3低血量敌人4易伤5平台6核7矿等8金币生成9立即金币a冰冻减费,1,
12234 55123,199.5,橙2随机技能1易伤1时间1伤害1攻速1技能,13随机技能2易伤4时间5伤害6核7攻速8技能9赏金邻近a金币生成,0,
12234 55133,199.5,橙2随机技能1易伤1时间1伤害1攻速1技能,13随机技能2易伤4时间5伤害6核7攻速8技能9赏金塔a金币生成,0,
33424 33125,199.0,橙1等级1矿等1易伤1时间,17最后敌人2狙对黄3等级4矿等5雷电6核8易伤9时间a金币生成,1,
33424 35111,199.0,橙1等级1矿等2雷电1易伤,1最后敌人2狙对黄3等级4矿等57雷电6核8易伤9低血量敌人a随机技能,1,
61332 62225,199.0,橙2雷电1等级1易伤1平台1矿等,18雷电2等级3低血量敌人4易伤5平台6核7矿等9冰冻减费a最后敌人,1,
61332 62222,198.9,橙2雷电1等级1易伤1平台1矿等,18雷电2等级3低血量敌人4易伤5平台6核7矿等9冰冻减费a双倍秒伤,1,
61332 62223,198.9,橙2雷电1等级1易伤1平台1矿等,18雷电2等级3低血量敌人4易伤5平台6核7矿等9冰冻减费a尘,1,
61332 62226,198.9,橙2雷电1等级1易伤1平台1矿等,18雷电2等级3低血量敌人4易伤5平台6核7矿等9冰冻减费a赏金邻近,1,
61332 62261,198.9,橙2雷电1等级1易伤1平台1矿等,18雷电2等级3低血量敌人4易伤5平台6核7矿等9赏金塔a基地爆炸,1,
61332 62263,198.9,橙2雷电1等级1易伤1平台1矿等,18雷电2等级3低血量敌人4易伤5平台6核7矿等9赏金塔a资源,1,
61332 62411,198.9,橙2雷电1等级1易伤1平台1矿等,1a雷电2等级3低血量敌人4易伤5平台6核7矿等8敌人掉落9资源,1,
12133 55311,198.8,橙1随机技能1易伤1时间1伤害1等级,1随机技能2易伤3金币生成4时间5物品6核7伤害8等级9低血量敌人a全技能,0,
12133 55361,198.7,橙1随机技能1易伤1时间1伤害1等级1全技能,1随机技能2易伤3金币生成4时间5物品6核7伤害8等级9全技能a尘,0,
12133 55363,198.7,橙1随机技能1易伤1时间1伤害1等级1全技能,1随机技能2易伤3金币生成4时间5物品6核7伤害8等级9全技能a基地爆炸,0,
12133 55316,198.5,橙2随机技能1易伤1时间1伤害1等级,1a随机技能2易伤3金币生成4时间5物品6核7伤害8等级9低血量敌人,0,
12234 52114,198.3,橙2随机技能1易伤1时间1伤害1技能1暴击,13随机技能2易伤4时间5伤害6核7随机矿8技能9暴击a双倍秒伤,0,
12234 52116,198.3,橙2随机技能1易伤1时间1伤害1技能1暴击,13随机技能2易伤4时间5伤害6核7随机矿8技能9暴击a资源,0,
53424 33112,198.2,橙1等级1矿等1易伤,1敌人爆炸2狙对黄3等级4矿等5雷电6核7最后敌人8易伤9尘a随机技能,1,
53424 33121,198.2,橙1等级1矿等1易伤1随机技能,1敌人爆炸2狙对黄3等级4矿等5雷电6核7最后敌人8易伤9随机技能a雷电减费,1,
53424 33122,198.2,橙1等级1矿等1易伤1随机技能,1敌人爆炸2狙对黄3等级4矿等5雷电6核7最后敌人8易伤9随机技能a基地爆炸,1,
53424 33123,198.2,橙1等级1矿等1易伤1随机技能,1敌人爆炸2狙对黄3等级4矿等5雷电6核7最后敌人8易伤9随机技能a资源,1,
12234 53224,197.8,橙2随机技能1易伤1时间1伤害1技能1暴击,13随机技能2易伤4时间5伤害6核7最后敌人8技能9敌人爆炸a暴击,0,
12133 54512,197.6,橙1随机技能1易伤3时间1矿等1技能,1随机技能2易伤3金币生成479时间5物品6核8矿等a技能,1,
12234 55312,197.6,橙2随机技能1易伤1时间1伤害1攻速1暴击,13随机技能2易伤4时间5伤害6核7攻速8随机矿9暴击a爆破对强壮,0,
12243 16411,197.4,橙2随机技能2易伤1等级,13随机技能26易伤4等级57立即金币8核9冰冻减费a雷电减费,0,
12234 53141,196.8,橙2随机技能2易伤2时间1伤害,13随机技能28易伤4a时间5伤害6核7最后敌人9低血量敌人,0,
12234 53142,196.8,橙2随机技能2易伤1时间1伤害,13随机技能28易伤4时间5伤害6核7最后敌人9低血量敌人a平台,0,
61332 62325,196.8,橙1等级1易伤1平台1矿等,1雷电2等级3低血量敌人4易伤5平台6核7矿等8立即金币9冰冻减费a最后敌人,1,
61332 62322,196.7,橙1等级1易伤1平台1矿等,1雷电2等级3低血量敌人4易伤5平台6核7矿等8立即金币9冰冻减费a双倍秒伤,1,
61332 62323,196.7,橙1等级1易伤1平台1矿等,1雷电2等级3低血量敌人4易伤5平台6核7矿等8立即金币9冰冻减费a尘,1,
61332 62326,196.7,橙1等级1易伤1平台1矿等,1雷电2等级3低血量敌人4易伤5平台6核7矿等8立即金币9冰冻减费a赏金邻近,1,
61332 62361,196.7,橙1等级1易伤1平台1矿等,1雷电2等级3低血量敌人4易伤5平台6核7矿等8立即金币9赏金塔a基地爆炸,1,
61332 62363,196.7,橙1等级1易伤1平台1矿等,1雷电2等级3低血量敌人4易伤5平台6核7矿等8立即金币9赏金塔a资源,1,
14141 53122,196.5,橙1随机技能1攻速1等级1易伤1技能,1随机技能2金币生成3攻速4等级5尘6核7最后敌人8易伤9爆破对强壮a技能,0,
61624 33824,196.4,橙1等级1伤害1暴击1矿等,1雷电2等级3加一4伤害5暴击6矿等7核8冰冻减费9低血量敌人a全技能,1,
61624 33631,196.3,橙1等级1伤害1暴击1矿等1全技能,1雷电2等级3加一4伤害5暴击6矿等7核8技能点9全技能a赏金塔,1,
61624 33633,196.3,橙1等级1伤害1暴击1矿等1全技能,1雷电2等级3加一4伤害5暴击6矿等7核8技能点9全技能a尘,1,
61624 33842,196.3,橙1等级1伤害1暴击1矿等,1雷电2等级3加一4伤害5暴击6矿等7核8冰冻减费9导弹对绿a随机技能,1,
61624 33843,196.3,橙1等级1伤害1暴击1矿等,1雷电2等级3加一4伤害5暴击6矿等7核8冰冻减费9导弹对绿a平台,1,
33424 33122,196.1,橙1等级1矿等1易伤1时间,17最后敌人2狙对黄3等级4矿等5雷电6核8易伤9时间a资源,1,
33424 33123,196.1,橙1等级1矿等1易伤1时间,17最后敌人2狙对黄3等级4矿等5雷电6核8易伤9时间a赏金邻近,1,
33424 33124,196.1,橙1等级1矿等1易伤1时间,17最后敌人2狙对黄3等级4矿等5雷电6核8易伤9时间a基础对治愈,1,
33424 33135,196.1,橙1等级1矿等1易伤,17最后敌人2狙对黄3等级4矿等5雷电6核8易伤9敌人掉落a时间,1,
61624 33722,195.8,橙1等级1伤害2暴击1矿等,1雷电2等级3加一4伤害5a暴击6矿等7核8最后敌人9基地爆炸,1,
61624 33643,195.7,橙1等级1伤害2暴击1矿等,1雷电2等级3加一4伤害5a暴击6矿等7核89技能点,1,
12133 55314,195.4,橙1随机技能1易伤1时间1伤害1等级,1随机技能2易伤3金币生成4时间5物品6核7伤害8等级9低血量敌人a敌人爆炸,0,
12234 53121,195.4,橙2随机技能2易伤1时间1伤害,13随机技能28易伤4时间5伤害6核7最后敌人9赏金邻近a雷电,0,
12234 53131,195.4,橙2随机技能2易伤1时间1伤害,13随机技能28易伤4时间5伤害6核7最后敌人9赏金塔a雷电,0,
12234 54121,195.4,橙2随机技能2易伤1时间1伤害,13随机技能28易伤4时间5伤害6核7低血量敌人9赏金邻近a雷电,0,
12234 54131,195.4,橙2随机技能2易伤1时间1伤害,13随机技能28易伤4时间5伤害6核7低血量敌人9赏金塔a雷电,0,
12133 54532,195.2,橙1随机技能1易伤2时间1矿等1伤害,1随机技能2易伤3金币生成47时间5物品6核8矿等9低血量敌人a伤害,1,
33424 33111,194.8,橙1等级1矿等1易伤,17最后敌人2狙对黄3等级4矿等5雷电6核8易伤9低血量敌人a随机技能,1,
33424 35131,194.8,橙1等级1矿等3雷电1易伤,1最后敌人2狙对黄3等级4矿等57a雷电6核8易伤9敌人掉落,1,
33424 35132,194.8,橙1等级1矿等2雷电1易伤,1最后敌人2狙对黄3等级4矿等57雷电6核8易伤9敌人掉落a金币生成,1,
12133 55315,194.7,橙1随机技能1易伤1时间1伤害1等级,1随机技能2易伤3a金币生成4时间5物品6核7伤害8等级9低血量敌人,0,
12234 53214,194.3,橙2随机技能1易伤1时间1伤害1技能1暴击,13随机技能2易伤4时间5伤害6核7最后敌人8技能9低血量敌人a暴击,0,
12234 53234,194.2,橙2随机技能1易伤1时间1伤害1技能1暴击,13随机技能2易伤4时间5伤害6核7最后敌人8技能9基地爆炸a暴击,0,
53424 33133,194.1,橙1等级1矿等1易伤,1敌人爆炸2狙对黄3等级4矿等5雷电6核7最后敌人8易伤9激光对绿a金币生成,1,
12234 53153,193.9,橙2随机技能2易伤1时间1伤害,13随机技能28易伤4时间5伤害6核7最后敌人9爆破对冰a随机矿,0,
61624 33712,193.6,橙1等级1伤害1暴击1矿等,1雷电2等级3加一4伤害5暴击6矿等7核8最后敌人9随机矿a双倍秒伤,1,
61624 33713,193.6,橙1等级1伤害1暴击1矿等,1雷电2等级3加一4伤害5暴击6矿等7核8最后敌人9随机矿a尘,1,
61624 33831,193.6,橙2雷电1等级1伤害1暴击1矿等,19雷电2等级3加一4伤害5暴击6矿等7核8冰冻减费a资源,1,
61624 33832,193.6,橙2雷电1等级1伤害1暴击1矿等,19雷电2等级3加一4伤害5暴击6矿等7核8冰冻减费a双倍秒伤,1,
61624 33841,193.6,橙2雷电1等级1伤害1暴击1矿等,1a雷电2等级3加一4伤害5暴击6矿等7核8冰冻减费9导弹对绿,1,
12234 53124,193.3,橙2随机技能2易伤1时间1伤害,13随机技能28易伤4时间5伤害6核7最后敌人9赏金邻近a敌人爆炸,0,
12234 53134,193.3,橙2随机技能2易伤1时间1伤害,13随机技能28易伤4时间5伤害6核7最后敌人9赏金塔a敌人爆炸,0,
61624 33821,193.0,橙1等级1伤害1暴击1矿等,1雷电2等级3加一4伤害5暴击6矿等7核8冰冻减费9低血量敌人a敌人爆炸,1,
61624 33611,192.9,橙1等级1伤害1暴击1矿等,1雷电2等级3加一4伤害5暴击6矿等7核8技能点9资源a敌人爆炸,1,
61627 43131,192.5,2雷电1等级3伤害3易伤1暴击,18雷电2等级3加一458伤害689易伤7立即金币8序列之力a暴击,0,
61624 33723,192.3,橙1等级1伤害1暴击1矿等,1雷电2等级3加一4伤害5暴击6矿等7核8最后敌人9基地爆炸a金币生成,1,
61624 33822,192.3,橙1等级1伤害1暴击1矿等,1雷电2等级3加一4伤害5暴击6矿等7核8冰冻减费9低血量敌人a金币生成,1,
61624 33612,192.2,橙1等级1伤害1暴击1矿等,1雷电2等级3加一4伤害5暴击6矿等7核8技能点9资源a金币生成,1,
14141 53131,192.1,橙1随机技能1攻速1等级1易伤2全技能,1随机技能2金币生成3攻速4等级5尘6核7最后敌人8易伤9a全技能,0,
33424 33131,192.0,橙1等级1矿等2雷电1易伤,17最后敌人2狙对黄3等级4矿等5a雷电6核8易伤9敌人掉落,1,
33424 35112,192.0,橙1等级1矿等2雷电1易伤,1最后敌人2狙对黄3等级4矿等57雷电6核8易伤9低血量敌人a资源,1,
33424 35113,192.0,橙1等级1矿等2雷电1易伤,1最后敌人2狙对黄3等级4矿等57雷电6核8易伤9低血量敌人a赏金邻近,1,
33424 35133,191.9,橙1等级1矿等2雷电1易伤,1最后敌人2狙对黄3等级4矿等57雷电6核8易伤9敌人掉落a赏金邻近,1,
12133 55312,191.8,橙1随机技能1易伤1时间1伤害1等级,1随机技能2易伤3金币生成4时间5物品6核7伤害8等级9低血量敌人a基地爆炸,0,
12133 55313,191.8,橙1随机技能1易伤1时间1伤害1等级,1随机技能2易伤3金币生成4时间5物品6核7伤害8等级9低血量敌人a雷电减费,0,
12234 53163,191.8,橙2随机技能2易伤1时间1伤害,13随机技能28易伤4时间5伤害6核7最后敌人9资源a立即金币,0,
12133 55341,191.7,橙1随机技能1易伤1时间1伤害1等级,1随机技能2易伤3金币生成4时间5物品6核7伤害8等级9冰冻减费a基地爆炸,0,
12234 52141,191.6,橙2随机技能1易伤2时间1伤害1技能,13随机技能2易伤4a时间5伤害6核7随机矿8技能9低血量敌人,0,
12234 52142,191.6,橙2随机技能1易伤1时间1伤害1技能,13随机技能2易伤4时间5伤害6核7随机矿8技能9低血量敌人a平台,0,
12234 52163,191.5,橙2随机技能1易伤1时间1伤害1技能,13随机技能2易伤4时间5伤害6核7随机矿8技能9资源a平台,0,
53424 33111,191.2,橙1等级1矿等1易伤,1敌人爆炸2狙对黄3等级4矿等5雷电6核7最后敌人8易伤9尘a激光对冰,1,
53424 33113,191.2,橙1等级1矿等1易伤,1敌人爆炸2狙对黄3等级4矿等5雷电6核7最后敌人8易伤9尘a赏金塔,1,
53424 33132,191.2,橙1等级1矿等1易伤,1敌人爆炸2狙对黄3等级4矿等5雷电6核7最后敌人8易伤9激光对绿a毒减费,1,
33424 33115,190.7,橙1等级1矿等1易伤,17最后敌人2狙对黄3等级4矿等5雷电6核8易伤9低血量敌人a金币生成,1,
33424 33132,190.6,橙1等级1矿等1易伤,17最后敌人2狙对黄3等级4矿等5雷电6核8易伤9敌人掉落a金币生成,1,
12234 52121,190.2,橙2随机技能1易伤1时间1伤害1技能,13随机技能2易伤4时间5伤害6核7随机矿8技能9赏金邻近a雷电,0,
12234 52131,190.2,橙2随机技能1易伤1时间1伤害1技能,13随机技能2易伤4时间5伤害6核7随机矿8技能9赏金塔a雷电,0,
12234 53143,189.8,橙2随机技能2易伤1时间1伤害,13随机技能28易伤4时间5伤害6核7最后敌人9低血量敌人a资源,0,
12234 53151,189.8,橙2随机技能2易伤1时间1伤害,13随机技能28易伤4时间5伤害6核7最后敌人9爆破对冰a低血量敌人,0,
12234 53162,189.8,橙2随机技能2易伤1时间1伤害,13随机技能28易伤4时间5伤害6核7a最后敌人9资源,0,
12234 53125,189.7,橙2随机技能2易伤1时间1伤害,13随机技能28易伤4时间5伤害6核7最后敌人9赏金邻近a敌人掉落,0,
12234 53126,189.7,橙2随机技能2易伤1时间1伤害,13随机技能28易伤4时间5伤害6核7最后敌人9赏金邻近a尘,0,
12234 53135,189.7,橙2随机技能2易伤1时间1伤害,13随机技能28易伤4时间5伤害6核7最后敌人9赏金塔a敌人掉落,0,
12234 53136,189.7,橙2随机技能2易伤1时间1伤害,13随机技能28易伤4时间5伤害6核7最后敌人9赏金塔a尘,0,
12234 53161,189.7,橙2随机技能2易伤1时间1伤害,13随机技能28易伤4时间5伤害6核7最后敌人9资源a技能点,0,
33424 34312,189.6,橙3等级1矿等1策反,1最后敌人2狙对黄389等级4矿等5雷电6核7策反a敌人爆炸,1,
12234 53263,189.5,橙2随机技能1易伤2时间1伤害1技能,13随机技能2易伤49时间5伤害6核7最后敌人8技能a立即金币,0,
12234 55321,189.5,橙2随机技能1易伤1时间1伤害1攻速,13随机技能2易伤4时间5伤害6核7攻速8随机矿9赏金邻近a雷电,0,
12234 55331,189.5,橙2随机技能1易伤1时间1伤害1攻速,13随机技能2易伤4时间5伤害6核7攻速8随机矿9赏金塔a雷电,0,
14141 53132,189.4,橙1随机技能1攻速1等级1易伤1全技能,1随机技能2a金币生成3攻速4等级5尘6核7最后敌人8易伤9全技能,0,
61624 33823,189.4,橙1等级1伤害1暴击1矿等,1雷电2等级3加一4伤害5暴击6矿等7核8冰冻减费9低血量敌人a资源,1,
61624 33613,189.3,橙1等级1伤害1暴击1矿等,1雷电2等级3加一4伤害5暴击6矿等7核8技能点9a资源,1,
61624 33642,189.3,橙1等级1伤害1暴击1矿等,1雷电2等级3加一4伤害5暴击6矿等7核89技能点a燃烧减费,1,
61624 33644,189.3,橙1等级1伤害1暴击1矿等,1雷电2等级3加一4伤害5暴击6矿等7核89技能点a基地爆炸,1,
61624 33844,189.3,橙1等级1伤害1暴击1矿等,1雷电2等级3加一4伤害5暴击6矿等7核8冰冻减费9导弹对绿a基地爆炸,1,
12234 52153,188.7,橙2随机技能1易伤1时间1伤害1技能,13随机技能2易伤4时间5伤害6核7a随机矿8技能9爆破对冰,0,
12234 52124,188.1,橙2随机技能1易伤1时间1伤害1技能,13随机技能2易伤4时间5伤害6核7随机矿8技能9赏金邻近a敌人爆炸,0,
12234 52134,188.1,橙2随机技能1易伤1时间1伤害1技能,13随机技能2易伤4时间5伤害6核7随机矿8技能9赏金塔a敌人爆炸,0,
33424 33112,187.8,橙1等级1矿等1易伤,17最后敌人2狙对黄3等级4矿等5雷电6核8易伤9低血量敌人a资源,1,
33424 33113,187.8,橙1等级1矿等1易伤,17最后敌人2狙对黄3等级4矿等5雷电6核8易伤9低血量敌人a赏金邻近,1,
33424 33114,187.8,橙1等级1矿等1易伤,17最后敌人2狙对黄3等级4矿等5雷电6核8易伤9低血量敌人a基础对治愈,1,
33424 33133,187.7,橙1等级1矿等1易伤,17最后敌人2狙对黄3等级4矿等5雷电6核8易伤9敌人掉落a赏金邻近,1,
12234 53262,187.5,橙2随机技能1易伤2时间1伤害1技能,13随机技能2易伤49时间5伤害6核7a最后敌人8技能,0,
12234 53261,187.4,橙2随机技能1易伤2时间1伤害1技能,13随机技能2易伤49时间5伤害6核7最后敌人8技能a技能点,0,
12234 53253,186.7,橙2随机技能1易伤1时间1伤害1技能,13随机技能2易伤4时间5伤害6核7最后敌人8技能9双倍矿a立即金币,0,
12234 55323,186.7,橙2随机技能1易伤1时间1伤害1攻速,13随机技能2易伤4时间5伤害6核7攻速8随机矿9赏金邻近a金币生成,0,
12234 55333,186.7,橙2随机技能1易伤1时间1伤害1攻速,13随机技能2易伤4时间5伤害6核7攻速8随机矿9赏金塔a金币生成,0,
12234 52125,186.6,橙2随机技能1易伤1时间1伤害1技能,13随机技能2易伤4时间5伤害6核7随机矿8技能9赏金邻近a立即金币,0,
12234 52135,186.6,橙2随机技能1易伤1时间1伤害1技能,13随机技能2易伤4时间5伤害6核7随机矿8技能9赏金塔a立即金币,0,
33424 34311,186.0,橙3等级1矿等1策反,1最后敌人2狙对黄389等级4矿等5雷电6核7策反a基地爆炸,1,
61627 43114,185.1,2雷电1等级3伤害2易伤1矿等,18雷电2等级3加一458伤害68易伤7立即金币8序列之力9赏金塔a矿等,1,
12234 53252,184.7,橙2随机技能1易伤1时间1伤害1技能,13随机技能2易伤4时间5伤害6核7a最后敌人8技能9双倍矿,0,
12234 52143,184.6,橙2随机技能1易伤1时间1伤害1技能,13随机技能2易伤4时间5伤害6核7随机矿8技能9低血量敌人a资源,0,
12234 52151,184.6,橙2随机技能1易伤1时间1伤害1技能,13随机技能2易伤4时间5伤害6核7随机矿8技能9爆破对冰a低血量敌人,0,
12234 52162,184.6,橙2随机技能1易伤1时间1伤害1技能,13随机技能2易伤4时间5伤害6核7随机矿8技能9资源a最后敌人,0,
12234 53251,184.6,橙2随机技能1易伤1时间1伤害1技能,13随机技能2易伤4时间5伤害6核7最后敌人8技能9双倍矿a技能点,0,
12234 52161,184.5,橙2随机技能1易伤1时间1伤害1技能,13随机技能2易伤4时间5伤害6核7随机矿8技能9资源a技能点,0,
12133 54511,184.2,橙1随机技能1易伤3时间1矿等,1随机技能2易伤3金币生成479时间5物品6核8矿等a敌人爆炸,1,
12234 53221,184.0,橙2随机技能1易伤1时间1伤害1技能,13随机技能2易伤4时间5伤害6核7最后敌人8技能9敌人爆炸a多重对甲,0,
12234 53222,184.0,橙2随机技能1易伤1时间1伤害1技能,13随机技能2易伤4时间5伤害6核7最后敌人8技能9敌人爆炸a技能点,0,
12234 53223,184.0,橙2随机技能1易伤1时间1伤害1技能,13随机技能2易伤4时间5伤害6核7最后敌人8技能9敌人爆炸a赏金邻近,0,
12234 53226,184.0,橙2随机技能1易伤1时间1伤害1技能,13随机技能2易伤4时间5伤害6核7最后敌人8技能9敌人爆炸a尘,0,
33424 34332,182.0,橙2等级1矿等1策反,1最后敌人2狙对黄38等级4矿等5雷电6核7策反9a金币生成,1,
61627 43132,181.6,2雷电1等级3伤害3易伤,18雷电2等级3加一458伤害689易伤7立即金币8序列之力a金币生成,0,
12234 53211,180.5,橙2随机技能1易伤1时间1伤害1技能,13随机技能2易伤4时间5伤害6核7最后敌人8技能9低血量敌人a多重对甲,0,
12234 53212,180.5,橙2随机技能1易伤1时间1伤害1技能,13随机技能2易伤4时间5伤害6核7最后敌人8技能9低血量敌人a技能点,0,
12234 53213,180.5,橙2随机技能1易伤1时间1伤害1技能,13随机技能2易伤4时间5伤害6核7最后敌人8技能9低血量敌人a赏金邻近,0,
12234 53216,180.5,橙2随机技能1易伤1时间1伤害1技能,13随机技能2易伤4时间5伤害6核7最后敌人8技能9低血量敌人a尘,0,
12234 53231,180.4,橙2随机技能1易伤1时间1伤害1技能,13随机技能2易伤4时间5伤害6核7最后敌人8技能9基地爆炸a多重对甲,0,
12234 53232,180.4,橙2随机技能1易伤1时间1伤害1技能,13随机技能2易伤4时间5伤害6核7最后敌人8技能9基地爆炸a技能点,0,
12234 53233,180.4,橙2随机技能1易伤1时间1伤害1技能,13随机技能2易伤4时间5伤害6核7最后敌人8技能9基地爆炸a赏金邻近,0,
12234 53236,180.4,橙2随机技能1易伤1时间1伤害1技能,13随机技能2易伤4时间5伤害6核7最后敌人8技能9基地爆炸a尘,0,
61627 43122,179.8,2雷电1等级3伤害2易伤1全技能1攻速,18雷电2等级3加一458伤害68易伤7立即金币8序列之力9全技能a攻速,0,
14141 53111,179.5,橙1随机技能1攻速1等级1易伤,1随机技能2金币生成3攻速4等级5a尘6核7最后敌人8易伤9赏金塔,0,
14141 53121,179.5,橙1随机技能1攻速1等级1易伤,1随机技能2金币生成3攻速4等级5尘6核7最后敌人8易伤9爆破对强壮a燃烧减费,0,
14141 53123,179.5,橙1随机技能1攻速1等级1易伤,1随机技能2金币生成3攻速4等级5尘6核7最后敌人8易伤9爆破对强壮a赏金塔,0,
33424 34331,179.2,橙2等级1矿等1策反,1最后敌人2狙对黄38等级4矿等5雷电6核7策反9金币生成a低血量敌人,1,
33424 34322,179.1,橙2等级1矿等1策反,1最后敌人2狙对黄38等级4矿等5雷电6核7策反9资源a金币生成,1,
33424 34333,179.1,橙2等级1矿等1策反,1最后敌人2狙对黄38等级4矿等5雷电6核7策反9金币生成a赏金邻近,1,
61627 43133,178.8,2雷电1等级3伤害3易伤,18雷电2等级3加一458伤害689易伤7立即金币8序列之力a低血量敌人,0,
61627 43112,178.7,2雷电1等级3伤害3易伤,18雷电2等级3加一458伤害68a易伤7立即金币8序列之力9赏金塔,0,
61627 43134,178.7,2雷电1等级3伤害3易伤,18雷电2等级3加一458伤害689易伤7立即金币8序列之力a赏金塔,0,
12133 54531,177.1,橙1随机技能1易伤2时间1矿等,1随机技能2易伤3金币生成47时间5物品6核8矿等9低血量敌人a立即金币,1,
33424 34321,176.3,橙2等级1矿等1策反,1最后敌人2狙对黄38等级4矿等5雷电6核7策反9资源a低血量敌人,1,
61627 43124,170.5,2雷电1等级3伤害2易伤1全技能,18雷电2等级3加一458伤害68易伤7立即金币8序列之力9全技能a随机技能,0,
61627 43121,163.5,2雷电1等级3伤害2易伤1全技能,18雷电2等级3加一458伤害68易伤7立即金币8序列之力9全技能a基地爆炸,0,
61627 43123,163.5,2雷电1等级3伤害2易伤1全技能,18雷电2等级3加一458伤害68易伤7立即金币8序列之力9全技能a风暴减费,0,
12133 54513,160.6,橙1随机技能1易伤3时间1矿等1挖怪,1随机技能2易伤3金币生成479时间5物品6核8矿等a挖怪,1,
61627 43113,160.1,2雷电1等级3伤害2易伤,18雷电2等级3加一458伤害68易伤7立即金币8序列之力9赏金塔a敌人爆炸,0,
61627 43144,159.5,2雷电1等级3伤害2易伤,18雷电2等级3加一458伤害68易伤7立即金币8序列之力9金币生成a最后敌人,0,
61627 43141,159.4,2雷电1等级3伤害2易伤,18雷电2等级3加一458伤害68易伤7立即金币8序列之力9金币生成a资源,0,
61627 43142,159.4,2雷电1等级3伤害2易伤,18雷电2等级3加一458伤害68易伤7立即金币8序列之力9金币生成a燃烧减费,0,
